ITEM_ID,SUPPLIER_ITEM_CODE,ORIGIN_COUNTRY_CODE_PREF,ORIGIN_PREFERENTIAL,ORIGIN_PREF_COUNTRY_CUMUL,LTD_NUMBER,LTD_DATE,LTD_START_DATE,LTD_END_DATE,LTD_YEAR,LTD_START_DATE1,LTD_END_DATE1,LTD_YEAR1,LTD_START_DATE2,LTD_END_DATE2,LTD_YEAR2
13587103,05898201,,0,,3023319,23/03/17,01/01/17,23/02/19,2017,,,,,,
12390217,11780700,,0,,,,,,,,,,,,
13587106,09500600,,0,,,,,,,,,,,,
13587507,06234902,,0,,3021336,20/04/17,01/01/17,31/12/17,2017,,,,,,
12607214,05877908,FR,1,,3020765,22/12/16,,,,,,,,,
12607215,26307402,DE,1,,1344386,06/04/16,,,,,,,,,
12607223,06487400,,0,,,,,,,,,,,,
12607224,02695000,DE,1,,3021291,31/07/17,,,,,,,,,
12607225,25566101,DE,1,,1620863,30/05/16,,,,,,,,,
12607226,02867400,DE,1,,3021061,31/07/17,,,,,,,,,
12607206,02377900,DE,1,,3021200,21/10/16,,,,,,,,,
12609316,02296300,IT,1,,3020959,01/01/17,,,,,,,,,
12609317,00417900,FR,1,,3021042,31/07/17,,,,,,,,,
12607200,02377900,DE,1,,3021200,21/10/16,,,,,,,,,
12607203,05877908,FR,1,,3020765,22/12/16,,,,,,,,,
12607230,90018400,,0,,,,,,,,,,,,
12607231,02562800,,0,,,,,,,,,,,,
12607232,02415804,,0,,,,,,,,,,,,
12607233,01426801,,0,,,,,,,,,,,,
12607234,02562800,,0,,,,,,,,,,,,
12607235,01689201,,0,,,,,,,,,,,,
12607236,01426801,,0,,,,,,,,,,,,
12607237,02562800,,0,,,,,,,,,,,,
13587508,01426801,,0,,3023476,10/04/17,01/01/17,31/12/17,2017,,,,,,
13587100,05932500,,0,,,,,,,,,,,,
13587102,00239401,,0,,3021475,03/11/16,01/01/17,31/12/17,2017,,,,,,
13587501,00239401,,0,,3155800,31/07/17,01/01/17,31/12/17,2017,,,,,,
13587504,22102700,,0,,3021707,01/01/17,01/01/17,31/12/17,2017,,,,,,
13587513,91017700,,0,,,,,,,,,,,,
13587514,22102700,,0,,3021707,01/01/17,01/01/17,31/12/17,2017,,,,,,
13587523,29350201,,0,,3021036,31/07/17,01/01/17,31/12/17,2017,,,,,,
13587098,00239401,,0,,3155800,31/07/17,01/01/17,31/12/17,2017,,,,,,
13587505,00239401,,0,,3021475,03/11/16,01/01/17,31/12/17,2017,,,,,,
13587516,01426801,,0,,3023476,10/04/17,01/01/17,31/12/17,2017,,,,,,
13587521,22003202,,0,,3155772,30/01/17,01/01/17,31/12/17,2017,,,,,,
13587526,27593900,,0,,3021055,31/07/17,01/01/17,31/12/17,2017,,,,,,
13587107,22003202,,0,,3155772,30/01/17,01/01/17,31/12/17,2017,,,,,,
13587110,91017700,,0,,,,,,,,,,,,
13587117,01650000,,0,,,,,,,,,,,,
13587118,22003202,,0,,3155772,30/01/17,01/01/17,31/12/17,2017,,,,,,
13587502,27029800,,0,,3021577,31/07/17,01/01/17,31/12/17,2017,,,,,,
13587509,09500600,,0,,,,,,,,,,,,
13587511,03554501,,0,,,,,,,,,,,,
13587518,00239401,,0,,3021475,03/11/16,01/01/17,31/12/17,2017,,,,,,
13587519,05932500,,0,,3022887,17/11/16,01/01/17,31/12/17,2017,,,,,,
13587099,27029800,,0,,3021577,31/07/17,01/01/17,31/12/17,2017,,,,,,
13587109,01689201,,0,,,,,,,,,,,,
13587111,22102700,,0,,3021707,01/01/17,01/01/17,31/12/17,2017,,,,,,
13587114,02555100,,0,,3021509,31/07/17,01/01/17,31/12/17,2017,,,,,,
13587123,27593900,,0,,3021055,31/07/17,01/01/17,31/12/17,2017,,,,,,
13587506,05898201,,0,,3023319,23/03/17,01/01/17,23/02/19,2017,,,,,,
13587512,01689201,,0,,,,,,,,,,,,
13587515,06353501,,0,,3021906,09/12/16,01/01/17,31/12/17,2017,,,,,,
13587517,02555100,,0,,3021509,31/07/17,01/01/17,31/12/17,2017,,,,,,
13587524,01689201,,0,,,,,,,,,,,,
13587525,22102700,,0,,3021707,01/01/17,01/01/17,31/12/17,2017,,,,,,
13587105,01426801,,0,,3023476,10/04/17,01/01/17,31/12/17,2017,,,,,,
13587119,01650000,,0,,,,,,,,,,,,
13587121,01689201,,0,,,,,,,,,,,,
13587122,22102700,,0,,3021707,01/01/17,01/01/17,31/12/17,2017,,,,,,
13587104,06234902,,0,,3021336,20/04/17,01/01/17,31/12/17,2017,,,,,,
13587115,00239401,,0,,3021475,03/11/16,01/01/17,31/12/17,2017,,,,,,
13587522,01650000,,0,,,,,,,,,,,,
13587101,22102700,,0,,3021707,01/01/17,01/01/17,31/12/17,2017,,,,,,
13587108,03554501,,0,,,,,,,,,,,,
13587112,06353501,,0,,3021906,09/12/16,01/01/17,31/12/17,2017,,,,,,
13587113,01426801,,0,,3023476,10/04/17,01/01/17,31/12/17,2017,,,,,,
13587116,05932500,,0,,3022887,17/11/16,01/01/17,31/12/17,2017,,,,,,
13587120,29350201,,0,,3021036,31/07/17,01/01/17,31/12/17,2017,,,,,,
13587503,05932500,,0,,,,,,,,,,,,
13587510,22003202,,0,,3155772,30/01/17,01/01/17,31/12/17,2017,,,,,,
13587520,01650000,,0,,,,,,,,,,,,
12390720,24412303,,0,,,,,,,,,,,,
12390721,11563300,,0,,,,,,,,,,,,
12390722,90016800,,0,,,,,,,,,,,,
12390723,24989703,,0,,,,,,,,,,,,
12390724,23235902,,0,,,,,,,,,,,,
12390725,25531901,,0,,,,,,,,,,,,
12390726,90016800,,0,,,,,,,,,,,,
12390727,11583300,,0,,,,,,,,,,,,
12390728,27369300,,0,,,,,,,,,,,,
12390729,27330602,,0,,,,,,,,,,,,
12390730,24989703,,0,,,,,,,,,,,,
12390731,24989703,,0,,,,,,,,,,,,
12390732,90016800,,0,,,,,,,,,,,,
12390733,24412303,,0,,,,,,,,,,,,
12390734,25104300,,0,,,,,,,,,,,,
12390735,61188000,,0,,,,,,,,,,,,
12390736,23235902,,0,,,,,,,,,,,,
12390737,90016800,,0,,,,,,,,,,,,
12390738,61188000,,0,,,,,,,,,,,,
12390739,12021801,,0,,,,,,,,,,,,
12390740,24989703,,0,,,,,,,,,,,,
12390741,61188000,,0,,,,,,,,,,,,
12390742,25915001,,0,,,,,,,,,,,,
12390743,24989703,,0,,,,,,,,,,,,
12390744,26404400,,0,,,,,,,,,,,,
12390745,61200700,,0,,,,,,,,,,,,
12390746,11635500,,0,,,,,,,,,,,,
12390747,24989703,,0,,,,,,,,,,,,
12390748,61188000,,0,,,,,,,,,,,,
12390749,11780700,,0,,,,,,,,,,,,
12390750,90016800,,0,,,,,,,,,,,,
12390751,24412303,,0,,,,,,,,,,,,
12390752,09543603,,0,,,,,,,,,,,,
12390753,26065700,,0,,,,,,,,,,,,
12390754,24989703,,0,,,,,,,,,,,,
12390755,24989703,,0,,,,,,,,,,,,
12390756,24989703,,0,,,,,,,,,,,,
12390757,25915001,,0,,,,,,,,,,,,
12390758,24989703,,0,,,,,,,,,,,,
12390759,61186800,,0,,,,,,,,,,,,
12390760,24989703,,0,,,,,,,,,,,,
12390761,11635500,,0,,,,,,,,,,,,
12390762,90016800,,0,,,,,,,,,,,,
12390763,23235902,,0,,,,,,,,,,,,
12390764,26065701,,0,,,,,,,,,,,,
12390765,25531901,,0,,,,,,,,,,,,
12390766,09639102,,0,,,,,,,,,,,,
12390767,11629900,,0,,,,,,,,,,,,
12390768,61188000,,0,,,,,,,,,,,,
12390769,24989703,,0,,,,,,,,,,,,
12390770,11583301,,0,,,,,,,,,,,,
12390771,24989703,,0,,,,,,,,,,,,
12390772,61205600,,0,,,,,,,,,,,,
13591918,02562800,,0,,3023327,20/04/17,01/01/17,31/12/17,2017,,,,,,
13591924,25536100,,0,,,,,,,,,,,,
12390718,11780701,,0,,,,,,,,,,,,
12390719,26551501,,0,,,,,,,,,,,,
13591929,02577103,,0,,,,,,,,,,,,
13591945,27376300,,0,,,,,,,,,,,,
13591946,91017700,,0,,,,,,,,,,,,
13591978,25767302,,0,,,,,,,,,,,,
13603207,21207301,,0,,3021641,01/01/17,01/01/17,31/12/17,2017,,,,,,
13603224,91017700,,0,,,,,,,,,,,,
13603226,02617600,,0,,,,,,,,,,,,
13603227,05965114,,0,,,,,,,,,,,,
13603238,09500103,,0,,3021763,24/02/17,01/01/17,31/12/17,2017,,,,,,
13591956,02562800,,0,,3023327,20/04/17,01/01/17,31/12/17,2017,,,,,,
13591959,29392400,,0,,,,,,,,,,,,
13591974,02562800,,0,,3023327,20/04/17,01/01/17,31/12/17,2017,,,,,,
13591980,21207301,,0,,3021641,01/01/17,01/01/17,31/12/17,2017,,,,,,
13421632,27593900,FR,1,,3021055,24/02/17,01/01/17,31/12/17,2017,,,,,,
13421635,21798202,FR,1,,3021018,31/07/17,01/01/17,31/12/17,2017,,,,,,
13603209,02573201,,0,,3178371,26/05/17,01/01/17,31/12/18,2017,,,,,,
13603212,25536100,,0,,,,,,,,,,,,
13603215,02577103,,0,,,,,,,,,,,,
13603237,27376300,,0,,,,,,,,,,,,
13603243,21207301,,0,,3021641,01/01/17,01/01/17,31/12/17,2017,,,,,,
13603234,27376300,,0,,,,,,,,,,,,
13591954,02555100,,0,,3021509,31/07/17,01/01/17,31/12/17,2017,,,,,,
13591958,09500103,,0,,,,,,,,,,,,
13591961,02562800,,0,,3023327,20/04/17,01/01/17,31/12/17,2017,,,,,,
13591968,27376300,,0,,,,,,,,,,,,
13421631,21798202,FR,1,,3021018,01/01/17,01/01/17,31/12/18,2017,,,,,,
13421633,27593900,FR,1,,3021055,31/07/17,01/01/17,31/12/17,2017,,,,,,
13421636,21798202,,0,,,,,,,,,,,,
13603214,07823700,,0,,,,,,,,,,,,
13603216,02578801,,0,,3023158,08/11/16,01/01/17,31/12/17,2017,,,,,,
13603220,25767302,,0,,,,,,,,,,,,
13603223,27376300,,0,,,,,,,,,,,,
13603231,29392400,,0,,,,,,,,,,,,
13603239,02562800,,0,,3023327,20/04/17,01/01/17,31/12/17,2017,,,,,,
13603241,02878000,,0,,3021137,07/11/16,01/01/17,31/12/17,2017,,,,,,
13591914,01960400,,0,,3020832,31/07/17,01/01/17,31/12/17,2017,,,,,,
13591916,21207301,,0,,3021641,01/01/17,01/01/17,31/12/17,2017,,,,,,
13591937,02578801,,0,,3023158,08/11/16,01/01/17,31/12/17,2017,,,,,,
13591951,02617600,,0,,,,,,,,,,,,
13591960,27376300,,0,,,,,,,,,,,,
13591962,27376300,,0,,,,,,,,,,,,
13591966,27095301,,0,,3020974,23/02/17,03/01/16,31/12/18,2017,,,,,,
13421637,27593900,FR,1,,3021055,24/02/17,01/01/17,31/12/17,2017,,,,,,
13603208,02562800,,0,,3023327,20/04/17,01/01/17,31/12/17,2017,,,,,,
13603210,40702700,,0,,3021285,03/04/17,01/01/17,31/12/17,2017,,,,,,
13603221,02562800,,0,,3023327,20/04/17,01/01/17,31/12/17,2017,,,,,,
13603228,02555100,,0,,3021509,31/07/17,01/01/17,31/12/17,2017,,,,,,
13603232,27376300,,0,,,,,,,,,,,,
13603236,27095301,,0,,3020974,23/02/17,03/01/16,31/12/18,2017,,,,,,
13591926,25767302,,0,,,,,,,,,,,,
13591928,07823700,,0,,,,,,,,,,,,
13591931,02578801,,0,,3023158,08/11/16,01/01/17,31/12/17,2017,,,,,,
13591935,01960400,,0,,3020832,31/07/17,01/01/17,31/12/17,2017,,,,,,
13591943,27095301,,0,,3020974,31/07/17,01/01/17,31/12/17,2017,,,,,,
13591952,05965114,,0,,,,,,,,,,,,
13591970,09500103,,0,,3021763,24/02/17,01/01/17,31/12/17,2017,,,,,,
13591972,02562800,,0,,3023327,20/04/17,01/01/17,31/12/17,2017,,,,,,
13591976,02878000,,0,,3021137,07/11/16,01/01/17,31/12/17,2017,,,,,,
13603205,02562800,,0,,3023327,20/04/17,01/01/17,31/12/17,2017,,,,,,
13591941,02562800,,0,,3023327,20/04/17,01/01/17,31/12/17,2017,,,,,,
13591948,29392400,,0,,,,,,,,,,,,
13591963,25767302,,0,,,,,,,,,,,,
13421629,21798202,,0,,,,,,,,,,,,
13603204,00487241,,0,,,,,,,,,,,,
13603218,01960400,,0,,3020832,31/07/17,01/01/17,31/12/17,2017,,,,,,
13603222,27095301,,0,,3020974,31/07/17,01/01/17,31/12/17,2017,,,,,,
13603225,29392400,,0,,,,,,,,,,,,
13603233,02562800,,0,,3023327,20/04/17,01/01/17,31/12/17,2017,,,,,,
13591913,02562800,,0,,3023327,20/04/17,01/01/17,31/12/17,2017,,,,,,
13591920,40702700,,0,,3021285,03/04/17,01/01/17,31/12/17,2017,,,,,,
13591939,25767302,,0,,,,,,,,,,,,
13421630,21798202,FR,1,,3021018,01/01/17,01/01/17,31/12/18,2017,,,,,,
13603206,01960400,,0,,3020832,31/07/17,01/01/17,31/12/17,2017,,,,,,
13603211,02573201,,0,,3178371,26/05/17,01/01/17,31/12/18,2017,,,,,,
13603213,25767302,,0,,,,,,,,,,,,
13603219,02578801,,0,,3023158,08/11/16,01/01/17,31/12/17,2017,,,,,,
13603229,02562800,,0,,3023327,20/04/17,01/01/17,31/12/17,2017,,,,,,
13591912,00487241,,0,,,,,,,,,,,,
13591919,02573201,,0,,3178371,26/05/17,01/01/17,31/12/18,2017,,,,,,
13591922,02573201,,0,,3178371,26/05/17,01/01/17,31/12/18,2017,,,,,,
13591933,02562800,,0,,3023327,20/04/17,01/01/17,31/12/17,2017,,,,,,
13421634,27593900,FR,1,,3021055,24/02/17,01/01/17,31/12/17,2017,,,,,,
13603217,02562800,,0,,3023327,20/04/17,01/01/17,31/12/17,2017,,,,,,
13603230,09500103,,0,,,,,,,,,,,,
13603235,25767302,,0,,,,,,,,,,,,
13603240,02562800,,0,,3023327,20/04/17,01/01/17,31/12/17,2017,,,,,,
13603242,25767302,,0,,,,,,,,,,,,
12509929,06239302,,0,,,,,,,,,,,,
12509930,02820700,,0,,,,,,,,,,,,
12509931,00772524,FR,1,,3021303,31/07/17,,,,,,,,,
12509932,25566101,DE,1,,1620863,30/05/16,,,,,,,,,
12509933,09624700,FR,1,,3021074,01/01/17,,,,,,,,,
12509934,02867400,DE,1,,3021061,31/07/17,,,,,,,,,
12509935,22102701,FR,1,,3021707,01/01/17,,,,,,,,,
12509936,00923606,ES,1,,1342278,01/01/16,,,,,,,,,
12509937,27365200,,0,,,,,,,,,,,,
12509938,06239302,,0,,,,,,,,,,,,
12509939,06487400,,0,,,,,,,,,,,,
12509940,01689201,FR,1,,1343219,31/12/16,,,,,,,,,
12509941,21185900,FR,1,,3021221,31/07/17,,,,,,,,,
12509942,06239302,,0,,,,,,,,,,,,
12509943,05124500,,0,,,,,,,,,,,,
12509945,00045804,,0,,,,,,,,,,,,
12509948,27593900,FR,1,,3021055,24/02/17,,,,,,,,,
12509950,06239302,,0,,,,,,,,,,,,
12509952,25116300,,0,,,,,,,,,,,,
12509955,26461100,FR,1,,3021879,22/11/16,,,,,,,,,
12509957,00419901,FR,1,,3021887,13/12/16,,,,,,,,,
12509958,26064701,CZ,1,,1344315,17/12/15,,,,,,,,,
12509961,01689201,FR,1,,1343219,31/12/16,,,,,,,,,
12509963,02831600,BE,1,,3021621,31/07/17,,,,,,,,,
12509966,26260000,,0,,,,,,,,,,,,
12510046,02695000,,0,,,,,,,,,,,,
12510047,02739600,IT,1,,3021643,16/11/16,,,,,,,,,
12510048,01665700,FR,1,,3021407,24/11/16,,,,,,,,,
12510049,01689201,FR,1,,1343219,31/12/16,,,,,,,,,
12510050,05124500,,0,,,,,,,,,,,,
12510051,02789501,,0,,,,,,,,,,,,
12510052,21207301,FR,1,,3021641,01/01/17,,,,,,,,,
12510053,90010600,,0,,,,,,,,,,,,
12510054,01665700,FR,1,,3021407,24/11/16,,,,,,,,,
12510055,27125400,FR,1,,3021511,22/11/16,,,,,,,,,
12510056,01960400,FR,1,,3020832,31/07/17,,,,,,,,,
12510057,02488101,ES,1,,3020925,18/11/16,,,,,,,,,
12510058,00045804,,0,,,,,,,,,,,,
12510059,00239401,FR,1,,3021475,03/11/16,,,,,,,,,
12510060,00923606,FR,1,,1342278,01/01/16,,,,,,,,,
12510061,03304502,FR,1,,1343555,31/12/16,,,,,,,,,
12510062,11509701,PL,1,,1343742,21/04/16,,,,,,,,,
12510063,02600800,DE,1,,3021156,07/03/17,,,,,,,,,
12510064,21207301,FR,1,,3021641,01/01/17,,,,,,,,,
12510065,21207301,FR,1,,3021641,01/01/17,,,,,,,,,
12510066,02789501,,0,,,,,,,,,,,,
12510067,07908401,FR,1,,1343706,31/12/16,,,,,,,,,
12510068,02166900,DE,1,,3021034,31/07/17,,,,,,,,,
12510069,11509701,PL,1,,1343742,21/04/16,,,,,,,,,
12510070,24267400,SK,1,,3021098,31/07/17,,,,,,,,,
12510071,01037000,FR,1,,1342300,31/12/16,,,,,,,,,
12510072,07823709,,0,,,,,,,,,,,,
12510073,27125400,FR,1,,3021511,22/11/16,,,,,,,,,
12510074,03304502,FR,1,,1343555,31/12/16,,,,,,,,,
12510075,02739600,IT,1,,3021643,16/11/16,,,,,,,,,
12510076,09639101,FR,1,,1343740,20/04/16,,,,,,,,,
12510077,01689201,FR,1,,1343219,31/12/16,,,,,,,,,
12510078,22040200,FR,1,,3020788,17/11/16,,,,,,,,,
12510079,26260000,,0,,,,,,,,,,,,
12510080,00772524,FR,1,,3021303,31/07/17,,,,,,,,,
12510081,02488101,ES,1,,3020925,18/11/16,,,,,,,,,
12510082,05877914,FR,1,,3020765,22/12/16,,,,,,,,,
12510083,01960400,FR,1,,3020832,31/07/17,,,,,,,,,
12510084,11573400,,0,,,,,,,,,,,,
12510085,90010600,,0,,,,,,,,,,,,
12510086,02695000,,0,,,,,,,,,,,,
12510087,02867400,DE,1,,3021061,31/07/17,,,,,,,,,
12510088,02557601,,0,,,,,,,,,,,,
12510089,02166900,DE,1,,3021034,31/07/17,,,,,,,,,
12510090,08561804,,0,,,,,,,,,,,,
12510091,06487400,,0,,,,,,,,,,,,
12510092,05124500,,0,,,,,,,,,,,,
12510093,00487217,,0,,,,,,,,,,,,
12510094,00045804,,0,,,,,,,,,,,,
12510095,27125400,FR,1,,3021511,22/11/16,,,,,,,,,
12510096,01665700,FR,1,,3021407,24/11/16,,,,,,,,,
12510097,00785506,FR,1,,3020999,27/10/16,,,,,,,,,
12510098,02166900,DE,1,,3021034,31/07/17,,,,,,,,,
12510099,05965110,,0,,,,,,,,,,,,
12510100,28237800,GB,1,,3020770,30/11/16,,,,,,,,,
12510101,90010600,,0,,,,,,,,,,,,
12510102,06487400,,0,,,,,,,,,,,,
12510103,09639101,FR,1,,1343740,20/04/16,,,,,,,,,
12510104,06487400,,0,,,,,,,,,,,,
12510105,11509705,PL,1,,1343742,21/04/16,,,,,,,,,
12510106,25792600,,0,,,,,,,,,,,,
12510107,06523602,FR,1,,1343683,03/10/16,,,,,,,,,
12510108,27902200,FR,1,,3021039,09/11/16,,,,,,,,,
12510109,11573400,,0,,,,,,,,,,,,
12510110,03451803,FR,1,,1343599,31/12/16,,,,,,,,,
12510111,11509701,PL,1,,1343742,21/04/16,,,,,,,,,
12510112,06487406,FR,1,,3021325,31/07/17,,,,,,,,,
12509894,06701103,,0,,,,,,,,,,,,
12509895,25566101,DE,1,,1620863,30/05/16,,,,,,,,,
12509897,00201504,FR,1,,3021148,28/10/16,,,,,,,,,
12509898,06239302,,0,,,,,,,,,,,,
12509901,02573223,FR,1,,3144372,31/07/17,,,,,,,,,
12509903,25566101,DE,1,,1620863,30/05/16,,,,,,,,,
12509904,21185900,FR,1,,3021221,31/07/17,,,,,,,,,
12509905,08561804,,0,,,,,,,,,,,,
12509906,06239302,,0,,,,,,,,,,,,
12509908,06487400,,0,,,,,,,,,,,,
12509910,21185900,FR,1,,3021221,31/07/17,,,,,,,,,
12509912,21185900,FR,1,,3021221,31/07/17,,,,,,,,,
12509914,00487226,,0,,,,,,,,,,,,
12509916,08561804,,0,,,,,,,,,,,,
12509918,05124500,,0,,,,,,,,,,,,
12509920,00487223,,0,,,,,,,,,,,,
12509922,00487226,,0,,,,,,,,,,,,
12509924,00487256,,0,,,,,,,,,,,,
12509926,02831600,BE,1,,3021621,31/07/17,,,,,,,,,
12509927,26260000,,0,,,,,,,,,,,,
12509928,00772524,FR,1,,3021303,31/07/17,,,,,,,,,
12466214,21798202,FR,1,,3021018,01/01/17,,,,,,,,,
12466215,21798202,FR,1,,3021018,01/01/17,,,,,,,,,
12466216,06701103,,0,,,,,,,,,,,,
12466217,02695002,DE,1,,3021291,31/07/17,,,,,,,,,
12466218,27902200,FR,1,,3021039,09/11/16,,,,,,,,,
12466219,06239302,,0,,,,,,,,,,,,
12466220,02573223,FR,1,,3144372,31/07/17,,,,,,,,,
12466221,06239302,,0,,,,,,,,,,,,
12466222,06239302,,0,,,,,,,,,,,,
12466223,21185900,FR,1,,3021221,31/07/17,,,,,,,,,
12466224,21185900,FR,1,,3021221,31/07/17,,,,,,,,,
12466225,00487226,,0,,,,,,,,,,,,
12466226,05124500,,0,,,,,,,,,,,,
12466227,06239302,,0,,,,,,,,,,,,
12466228,00487226,,0,,,,,,,,,,,,
12466229,05124500,,0,,,,,,,,,,,,
12466230,00487256,,0,,,,,,,,,,,,
12466231,26260000,,0,,,,,,,,,,,,
12466232,00045804,,0,,,,,,,,,,,,
12466093,90016100,FR,1,,,01/01/16,,,,,,,,,
12466096,05124500,,0,,,,,,,,,,,,
12466097,09624700,FR,1,,3021074,01/01/17,,,,,,,,,
12466098,00772524,FR,1,,3021303,31/07/17,,,,,,,,,
12466099,00045804,,0,,,,,,,,,,,,
12466100,00045804,,0,,,,,,,,,,,,
12466095,90016100,FR,1,,,01/01/16,,,,,,,,,
12466130,06701103,,0,,,,,,,,,,,,
12466131,00487216,,0,,,,,,,,,,,,
12466132,27593900,FR,1,,3021055,24/02/17,,,,,,,,,
12466133,25566101,DE,1,,1620863,30/05/16,,,,,,,,,
12466134,09639101,FR,1,,1343740,20/04/16,,,,,,,,,
12466135,02867400,DE,1,,3021061,31/07/17,,,,,,,,,
12466136,25566101,DE,1,,1620863,30/05/16,,,,,,,,,
12466137,02971800,PL,1,,3021289,27/10/16,,,,,,,,,
12466138,26064701,CZ,1,,1344315,17/12/15,,,,,,,,,
12466139,21185900,FR,1,,3021221,31/07/17,,,,,,,,,
12466140,00419901,FR,1,,3021887,13/12/16,,,,,,,,,
12466141,02041000,,0,,,,,,,,,,,,
12466142,08561804,,0,,,,,,,,,,,,
12466143,26064701,CZ,1,,1344315,17/12/15,,,,,,,,,
12466144,08635701,FR,1,,3021119,13/12/16,,,,,,,,,
12466145,01689201,FR,1,,1343219,31/12/16,,,,,,,,,
12466146,21185900,FR,1,,3021221,31/07/17,,,,,,,,,
12466147,27593900,FR,1,,3021055,24/02/17,,,,,,,,,
12466148,05124500,,0,,,,,,,,,,,,
12466149,00487226,,0,,,,,,,,,,,,
12466150,01689201,FR,1,,1343219,31/12/16,,,,,,,,,
12466151,21798202,FR,1,,3021018,01/01/17,,,,,,,,,
12466152,00772524,FR,1,,3021303,31/07/17,,,,,,,,,
12466153,00045804,,0,,,,,,,,,,,,
12472200,07823700,,0,,,,,,,,,,,,
12472201,11509705,,0,,,,,,,,,,,,
12472202,28475200,DE,1,,3024028,31/07/17,,,,,,,,,
12472203,23539000,FR,1,,3022899,22/11/16,,,,,,,,,
12472204,00197200,FR,1,,3021342,31/07/17,,,,,,,,,
12472205,02395801,,0,,,,,,,,,,,,
12472206,02867400,DE,1,,3021061,31/07/17,,,,,,,,,
12472207,27593900,FR,1,,3021055,24/02/17,,,,,,,,,
12472208,06487400,,0,,,,,,,,,,,,
12472209,21185900,FR,1,,3021221,31/07/17,,,,,,,,,
12472210,02695002,DE,1,,3021291,31/07/17,,,,,,,,,
12472211,24952000,,0,,,,,,,,,,,,
12472212,00487233,,0,,,,,,,,,,,,
12472213,00487232,,0,,,,,,,,,,,,
12472214,02644000,IT,1,,3021343,31/07/17,,,,,,,,,
12472215,28475200,DE,1,,3024028,31/07/17,,,,,,,,,
12472216,00045804,,0,,,,,,,,,,,,
12472217,00487216,,0,,,,,,,,,,,,
12472218,02695002,DE,1,,3021291,31/07/17,,,,,,,,,
12472219,00201504,FR,1,,3021148,28/10/16,,,,,,,,,
12472220,27029800,FR,1,,3021577,31/07/17,,,,,,,,,
12472221,06487400,,0,,,,,,,,,,,,
12472222,02182701,,0,,,,,,,,,,,,
12472223,00487216,,0,,,,,,,,,,,,
12472224,27029800,FR,1,,3021577,31/07/17,,,,,,,,,
12472225,26358500,SK,1,,3020841,20/10/16,,,,,,,,,
12472226,00440381,,0,,,,,,,,,,,,
12472227,26461100,FR,1,,3021879,22/11/16,,,,,,,,,
12472228,21185900,FR,1,,3021221,31/07/17,,,,,,,,,
12472229,27359000,SK,1,,3021838,22/11/16,,,,,,,,,
12472230,09639101,FR,1,,1343740,20/04/16,,,,,,,,,
12472231,26461100,FR,1,,3021879,22/11/16,,,,,,,,,
12472232,00487233,,0,,,,,,,,,,,,
12472233,02831600,BE,1,,3021621,31/07/17,,,,,,,,,
12472234,02182700,,0,,,,,,,,,,,,
12472235,26260000,,0,,,,,,,,,,,,
12472236,00487216,,0,,,,,,,,,,,,
12509979,02166900,DE,1,,3021034,31/07/17,,,,,,,,,
12509980,11509701,PL,1,,1343742,21/04/16,,,,,,,,,
12509981,01960400,FR,1,,3020832,31/07/17,,,,,,,,,
12509982,27902200,FR,1,,3021039,09/11/16,,,,,,,,,
12509983,24267400,SK,1,,3021098,31/07/17,,,,,,,,,
12509984,06487400,,0,,,,,,,,,,,,
12509985,01689201,FR,1,,1343219,31/12/16,,,,,,,,,
12509986,00923606,FR,1,,1342278,01/01/16,,,,,,,,,
12509987,09639101,FR,1,,1343740,20/04/16,,,,,,,,,
12509988,01665700,FR,1,,3021407,24/11/16,,,,,,,,,
12509989,01665700,FR,1,,3021407,24/11/16,,,,,,,,,
12509990,00045804,,0,,,,,,,,,,,,
12509991,90010600,,0,,,,,,,,,,,,
12509992,11509705,PL,1,,1343742,21/04/16,,,,,,,,,
12509993,02488101,ES,1,,3020925,18/11/16,,,,,,,,,
12509994,00239401,FR,1,,3021475,03/11/16,,,,,,,,,
12509995,90010600,,0,,,,,,,,,,,,
12509996,02695000,,0,,,,,,,,,,,,
12509997,28237800,GB,1,,3020770,30/11/16,,,,,,,,,
12509998,03304502,FR,1,,1343555,31/12/16,,,,,,,,,
12509999,02166900,DE,1,,3021034,31/07/17,,,,,,,,,
12510000,00045804,,0,,,,,,,,,,,,
12510001,11509701,PL,1,,1343742,21/04/16,,,,,,,,,
12510002,02739600,IT,1,,3021643,16/11/16,,,,,,,,,
12510003,21207301,FR,1,,3021641,01/01/17,,,,,,,,,
12510004,02739600,IT,1,,3021643,16/11/16,,,,,,,,,
12510005,02488101,ES,1,,3020925,18/11/16,,,,,,,,,
12510006,21207301,FR,1,,3021641,01/01/17,,,,,,,,,
12510007,02867400,DE,1,,3021061,31/07/17,,,,,,,,,
12510008,06487406,FR,1,,3021325,31/07/17,,,,,,,,,
12510009,25792600,,0,,,,,,,,,,,,
12510010,00487217,,0,,,,,,,,,,,,
12510011,21207301,FR,1,,3021641,01/01/17,,,,,,,,,
12510012,00772524,FR,1,,3021303,31/07/17,,,,,,,,,
12510013,01037000,FR,1,,1342300,31/12/16,,,,,,,,,
12510014,05965110,,0,,,,,,,,,,,,
12510015,06487400,,0,,,,,,,,,,,,
12510016,07908401,FR,1,,1343706,31/12/16,,,,,,,,,
12510017,02789501,,0,,,,,,,,,,,,
12510018,22040200,FR,1,,3020788,17/11/16,,,,,,,,,
12510019,09639101,FR,1,,1343740,20/04/16,,,,,,,,,
12510020,27125400,FR,1,,3021511,22/11/16,,,,,,,,,
12510021,07823709,,0,,,,,,,,,,,,
12510022,02166900,DE,1,,3021034,31/07/17,,,,,,,,,
12510023,26260000,,0,,,,,,,,,,,,
12510024,02600800,DE,1,,3021156,07/03/17,,,,,,,,,
12510025,27125400,FR,1,,3021511,22/11/16,,,,,,,,,
12510026,01689201,FR,1,,1343219,31/12/16,,,,,,,,,
12510027,05124500,,0,,,,,,,,,,,,
12510028,02695000,,0,,,,,,,,,,,,
12510029,08561804,,0,,,,,,,,,,,,
12510030,11573400,,0,,,,,,,,,,,,
12510031,11509701,PL,1,,1343742,21/04/16,,,,,,,,,
12510032,01960400,FR,1,,3020832,31/07/17,,,,,,,,,
12510033,01665700,FR,1,,3021407,24/11/16,,,,,,,,,
12510034,90010600,,0,,,,,,,,,,,,
12510035,11573400,,0,,,,,,,,,,,,
12510036,06487400,,0,,,,,,,,,,,,
12510037,03304502,FR,1,,1343555,31/12/16,,,,,,,,,
12510038,02557601,,0,,,,,,,,,,,,
12510039,02789501,,0,,,,,,,,,,,,
12510040,03451803,FR,1,,1343599,31/12/16,,,,,,,,,
12510041,06523602,FR,1,,1343683,03/10/16,,,,,,,,,
12510042,27125400,FR,1,,3021511,22/11/16,,,,,,,,,
12510043,05877914,FR,1,,3020765,22/12/16,,,,,,,,,
12510044,00785506,FR,1,,3020999,27/10/16,,,,,,,,,
12510045,05124500,,0,,,,,,,,,,,,
12509887,06487400,,0,,,,,,,,,,,,
12509888,00487223,,0,,,,,,,,,,,,
12509889,26260000,,0,,,,,,,,,,,,
12509890,25566101,DE,1,,1620863,30/05/16,,,,,,,,,
12509891,00487256,,0,,,,,,,,,,,,
12509892,00772524,FR,1,,3021303,31/07/17,,,,,,,,,
12509893,02573223,FR,1,,3144372,31/07/17,,,,,,,,,
12509896,08561804,,0,,,,,,,,,,,,
12509899,21185900,FR,1,,3021221,31/07/17,,,,,,,,,
12509900,21185900,FR,1,,3021221,31/07/17,,,,,,,,,
12509902,05124500,,0,,,,,,,,,,,,
12509907,08561804,,0,,,,,,,,,,,,
12509909,00487226,,0,,,,,,,,,,,,
12509911,06239302,,0,,,,,,,,,,,,
12509913,00487226,,0,,,,,,,,,,,,
12509915,06701103,,0,,,,,,,,,,,,
12509917,06239302,,0,,,,,,,,,,,,
12509919,25566101,DE,1,,1620863,30/05/16,,,,,,,,,
12509921,00201504,FR,1,,3021148,28/10/16,,,,,,,,,
12509923,21185900,FR,1,,3021221,31/07/17,,,,,,,,,
12509925,02831600,BE,1,,3021621,31/07/17,,,,,,,,,
12509944,06487400,,0,,,,,,,,,,,,
12509946,25566101,DE,1,,1620863,30/05/16,,,,,,,,,
12509947,27365200,,0,,,,,,,,,,,,
12509949,00419901,FR,1,,3021887,13/12/16,,,,,,,,,
12509951,21185900,FR,1,,3021221,31/07/17,,,,,,,,,
12509953,00772524,FR,1,,3021303,31/07/17,,,,,,,,,
12509954,22102701,FR,1,,3021707,01/01/17,,,,,,,,,
12509956,06239302,,0,,,,,,,,,,,,
12509959,01689201,FR,1,,1343219,31/12/16,,,,,,,,,
12509960,26064701,CZ,1,,1344315,17/12/15,,,,,,,,,
12509962,00045804,,0,,,,,,,,,,,,
12509964,00923606,ES,1,,1342278,01/01/16,,,,,,,,,
12509965,26260000,,0,,,,,,,,,,,,
12509967,26461100,FR,1,,3021879,22/11/16,,,,,,,,,
12509968,25116300,,0,,,,,,,,,,,,
12509969,01689201,FR,1,,1343219,31/12/16,,,,,,,,,
12509970,05124500,,0,,,,,,,,,,,,
12509971,06239302,,0,,,,,,,,,,,,
12509972,06239302,,0,,,,,,,,,,,,
12509973,02820700,,0,,,,,,,,,,,,
12509974,06239302,,0,,,,,,,,,,,,
12509975,09624700,FR,1,,3021074,01/01/17,,,,,,,,,
12509976,27593900,FR,1,,3021055,24/02/17,,,,,,,,,
12509977,02867400,DE,1,,3021061,31/07/17,,,,,,,,,
12509978,02831600,BE,1,,3021621,31/07/17,,,,,,,,,
12466195,26260000,,0,,,,,,,,,,,,
12466196,02573223,FR,1,,3144372,31/07/17,,,,,,,,,
12466197,21185900,FR,1,,3021221,31/07/17,,,,,,,,,
12466198,21185900,FR,1,,3021221,31/07/17,,,,,,,,,
12466199,05124500,,0,,,,,,,,,,,,
12466200,00487256,,0,,,,,,,,,,,,
12466201,00487226,,0,,,,,,,,,,,,
12466202,06239302,,0,,,,,,,,,,,,
12466203,21798202,FR,1,,3021018,01/01/17,,,,,,,,,
12466204,06239302,,0,,,,,,,,,,,,
12466205,00487226,,0,,,,,,,,,,,,
12466206,06701103,,0,,,,,,,,,,,,
12466207,02695002,DE,1,,3021291,31/07/17,,,,,,,,,
12466208,06239302,,0,,,,,,,,,,,,
12466209,21798202,FR,1,,3021018,01/01/17,,,,,,,,,
12466210,27902200,FR,1,,3021039,09/11/16,,,,,,,,,
12466211,06239302,,0,,,,,,,,,,,,
12466212,00045804,,0,,,,,,,,,,,,
12466213,05124500,,0,,,,,,,,,,,,
12466094,90016100,FR,1,,,01/01/16,,,,,,,,,
12466154,25566101,DE,1,,1620863,30/05/16,,,,,,,,,
12466155,00419901,FR,1,,3021887,13/12/16,,,,,,,,,
12466156,00772524,FR,1,,3021303,31/07/17,,,,,,,,,
12466157,01689201,FR,1,,1343219,31/12/16,,,,,,,,,
12466158,21185900,FR,1,,3021221,31/07/17,,,,,,,,,
12466159,21185900,FR,1,,3021221,31/07/17,,,,,,,,,
12466160,05124500,,0,,,,,,,,,,,,
12466161,08561804,,0,,,,,,,,,,,,
12466162,09639101,FR,1,,1343740,20/04/16,,,,,,,,,
12466163,26064701,CZ,1,,1344315,17/12/15,,,,,,,,,
12466164,00487226,,0,,,,,,,,,,,,
12466165,02971800,PL,1,,3021289,27/10/16,,,,,,,,,
12466166,06701103,,0,,,,,,,,,,,,
12466167,01689201,FR,1,,1343219,31/12/16,,,,,,,,,
12466168,00487216,,0,,,,,,,,,,,,
12466169,25566101,DE,1,,1620863,30/05/16,,,,,,,,,
12466170,21798202,FR,1,,3021018,01/01/17,,,,,,,,,
12466171,27593900,FR,1,,3021055,24/02/17,,,,,,,,,
12466172,26064701,CZ,1,,1344315,17/12/15,,,,,,,,,
12466173,08635701,FR,1,,3021119,13/12/16,,,,,,,,,
12466174,02041000,,0,,,,,,,,,,,,
12466175,02867400,DE,1,,3021061,31/07/17,,,,,,,,,
12466176,00045804,,0,,,,,,,,,,,,
12466177,27593900,FR,1,,3021055,24/02/17,,,,,,,,,
12466092,90016100,FR,1,,,01/01/16,,,,,,,,,
12466101,09624700,FR,1,,3021074,01/01/17,,,,,,,,,
12466104,00772524,FR,1,,3021303,31/07/17,,,,,,,,,
12466105,00045804,,0,,,,,,,,,,,,
12466107,05124500,,0,,,,,,,,,,,,
12466109,00045804,,0,,,,,,,,,,,,
12472163,06487400,,0,,,,,,,,,,,,
12472164,26461100,FR,1,,3021879,22/11/16,,,,,,,,,
12472165,02182700,,0,,,,,,,,,,,,
12472166,28475200,DE,1,,3024028,31/07/17,,,,,,,,,
12472167,02695002,DE,1,,3021291,31/07/17,,,,,,,,,
12472168,21185900,FR,1,,3021221,31/07/17,,,,,,,,,
12472169,27029800,FR,1,,3021577,31/07/17,,,,,,,,,
12472170,07823700,,0,,,,,,,,,,,,
12472171,02695002,DE,1,,3021291,31/07/17,,,,,,,,,
12472172,00487232,,0,,,,,,,,,,,,
12472173,24952000,,0,,,,,,,,,,,,
12472174,06487400,,0,,,,,,,,,,,,
12472175,00487216,,0,,,,,,,,,,,,
12472176,09639101,FR,1,,1343740,20/04/16,,,,,,,,,
12472177,27029800,FR,1,,3021577,31/07/17,,,,,,,,,
12472178,00201504,FR,1,,3021148,28/10/16,,,,,,,,,
12472179,00487233,,0,,,,,,,,,,,,
12472180,00487216,,0,,,,,,,,,,,,
12472181,00045804,,0,,,,,,,,,,,,
12472182,21185900,FR,1,,3021221,31/07/17,,,,,,,,,
12472183,26260000,,0,,,,,,,,,,,,
12472184,23539000,FR,1,,3022899,22/11/16,,,,,,,,,
12472185,27593900,FR,1,,3021055,24/02/17,,,,,,,,,
12472186,02395801,,0,,,,,,,,,,,,
12472187,00440381,,0,,,,,,,,,,,,
12472188,02182701,,0,,,,,,,,,,,,
12472189,02644000,IT,1,,3021343,31/07/17,,,,,,,,,
12472190,28475200,DE,1,,3024028,31/07/17,,,,,,,,,
12472191,00487216,,0,,,,,,,,,,,,
12472192,27359000,SK,1,,3021838,22/11/16,,,,,,,,,
12472193,26461100,FR,1,,3021879,22/11/16,,,,,,,,,
12472194,00487233,,0,,,,,,,,,,,,
12472195,26358500,SK,1,,3020841,20/10/16,,,,,,,,,
12472196,11509705,,0,,,,,,,,,,,,
12472197,02867400,DE,1,,3021061,31/07/17,,,,,,,,,
12472198,02831600,BE,1,,3021621,31/07/17,,,,,,,,,
12472199,00197200,FR,1,,3021342,31/07/17,,,,,,,,,
