ITEM_ID,FLOW_END_CODE,GROUPING_ID,ITEM_CODE,REPOSITORY_ITEM_CODE,ITEM_USAGE_CODE_CLASSIFICATION,SENDER_SITE_LOC_ID,RECEIVER_SITE_LOC_ID,MAKER_TM_DESCRIPTION_LANGUAGE,MAKER_DESCRIPTION,TRADE_MARK_DESCRIPTION,OFFICIAL_DESCRIPTION,DESCRIPTION_LANGUAGE_CODE,SHORT_DESCRIPTION,ORIGIN_COUNTRY_CODE,CUSTOMS_REGIME_CODE,CUSTOMS_CODE,PREFERRED_ORIGIN_INDICATOR,SERIAL_NUMBER_LOCKED,IMPORT_LICENSE_LOCKED,HAS_ORIGIN_DEFECT,HAS_IMPORT_LICENSE_DEFECT,HAS_CUSTOMS_CODE_DEFECT,SHORT_DESC_MANDATORY,OFF_DES_MANDATORY,REGIME_AUTH,ORIGIN_COUNTRY_CODE_ARRIVAL,ORIGIN_COUNTRY_CODE_DEPARTURE,ITEM_USAGE_CODE_REGIME,ITEM_USAGE_CODE_ORIGINE,ITEM_USAGE_CODE
12510103,D,137861,391005442R,1,2,15793,16021,,,,,fr,,FR,1000,8708509990,,0,0,0,,0,0,0,,KR,FR,1,1,
12510104,D,137861,285C70506R,1,2,15793,16021,,,,,fr,,XX,1000,UnknownHS,,0,0,0,,0,0,0,,KR,FR,1,1,
11569491,D,393043,122152148R,1,2,15793,50899,,,,,fr,,XX,1000,Unknown HS,,0,0,0,,0,0,0,,TH,FR,1,1,
11569492,D,393043,123031297R,1,2,15793,12034,,,,,fr,,XX,1000,Unknown HS,,0,0,0,,0,0,0,,TH,FR,1,1,
11569493,D,393043,147258075R,1,2,15793,12034,,,,,fr,,XX,1000,Unknown HS,,0,0,0,,0,0,0,,TH,FR,1,1,
11569494,D,393043,166711244R,1,2,15793,12034,,,,,fr,,XX,1000,Unknown HS,,0,0,0,,0,0,0,,TH,FR,1,1,
11569495,D,393043,122005940R,1,2,15793,12034,,,,,fr,,XX,1000,Unknown HS,,0,0,0,,0,0,0,,TH,FR,1,1,
11569496,D,393043,147259753R,1,2,15793,12034,,,,,fr,,XX,1000,Unknown HS,,0,0,0,,0,0,0,,TH,FR,1,1,
11569497,D,393043,7703002662,1,2,15793,12034,,,,,fr,,XX,1000,Unknown HS,,0,0,0,,0,0,0,,TH,FR,1,1,
11569498,D,393043,210477770R,1,2,15793,12034,,,,,fr,,XX,1000,Unknown HS,,0,0,0,,0,0,0,,TH,FR,1,1,
11569499,D,393043,124378807R,1,2,15793,50899,,,,,fr,,XX,1000,Unknown HS,,0,0,0,,0,0,0,,TH,FR,1,1,
11569500,D,393043,110100354R,1,2,15793,12034,,,,,fr,,XX,1000,Unknown HS,,0,0,0,,0,0,0,,TH,FR,1,1,
11569501,D,393043,7703002660,1,2,15793,12034,,,,,fr,,XX,1000,Unknown HS,,0,0,0,,0,0,0,,TH,FR,1,1,
11569502,D,393043,8200805588,1,2,15793,12034,,,,,fr,,XX,1000,Unknown HS,,0,0,0,,0,0,0,,TH,FR,1,1,
11569503,D,393043,210102433R,1,2,15793,12034,,,,,fr,,XX,1000,Unknown HS,,0,0,0,,0,0,0,,TH,FR,1,1,
11569504,D,393043,147252403R,1,2,15793,12034,,,,,fr,,XX,1000,Unknown HS,,0,0,0,,0,0,0,,TH,FR,1,1,
11569505,D,393043,152577731R,1,2,15793,12034,,,,,fr,,XX,1000,Unknown HS,,0,0,0,,0,0,0,,TH,FR,1,1,
11569506,D,393043,223651975R,1,2,15793,12034,,,,,fr,,XX,1000,Unknown HS,,0,0,0,,0,0,0,,TH,FR,1,1,
11569507,D,393043,7703002658,1,2,15793,12034,,,,,fr,,XX,1000,Unknown HS,,0,0,0,,0,0,0,,TH,FR,1,1,
11569508,D,393043,164463195R,1,2,15793,12034,,,,,fr,,XX,1000,Unknown HS,,0,0,0,,0,0,0,,TH,FR,1,1,
11569509,D,393043,320934291R,1,2,15793,12034,,,,,fr,,XX,1000,Unknown HS,,0,0,0,,0,0,0,,TH,FR,1,1,
11569510,D,393043,140130121R,1,2,15793,12034,,,,,fr,,XX,1000,Unknown HS,,0,0,0,,0,0,0,,TH,FR,1,1,
11569511,D,393043,150007894R,1,2,15793,12034,,,,,fr,,XX,1000,Unknown HS,,0,0,0,,0,0,0,,TH,FR,1,1,
11569512,D,393043,147231581R,1,2,15793,12034,,,,,fr,,XX,1000,Unknown HS,,0,0,0,,0,0,0,,TH,FR,1,1,
11569513,D,393043,123112496R,1,2,15793,12034,,,,,fr,,XX,1000,Unknown HS,,0,0,0,,0,0,0,,TH,FR,1,1,
11569514,D,393043,130124822R,1,2,15793,12034,,,,,fr,,XX,1000,Unknown HS,,0,0,0,,0,0,0,,TH,FR,1,1,
11569515,D,393043,8201036353,1,2,15793,12034,,,,,fr,,XX,1000,Unknown HS,,0,0,0,,0,0,0,,TH,FR,1,1,
11569516,D,393043,122236315R,1,2,15793,50899,,,,,fr,,XX,1000,Unknown HS,,0,0,0,,0,0,0,,TH,FR,1,1,
11569517,D,393043,8200009120,1,2,15793,12034,,,,,fr,,XX,1000,Unknown HS,,0,0,0,,0,0,0,,TH,FR,1,1,
11622756,D,394985,151082941R,1,2,15793,12034,,,,,fr,,XX,1000,Unknown HS,,0,0,0,,0,0,0,,TH,FR,1,1,
11622757,D,394985,8200554273,1,2,15793,12034,,,,,fr,,XX,1000,Unknown HS,,0,0,0,,0,0,0,,TH,FR,1,1,
11622758,D,394985,123031297R,1,2,15793,12034,,,,,fr,,XX,1000,Unknown HS,,0,0,0,,0,0,0,,TH,FR,1,1,
11622759,D,394985,121115813R,1,2,15793,50899,,,,,fr,,XX,1000,Unknown HS,,0,0,0,,0,0,0,,TH,FR,1,1,
11622760,D,394985,150464622R,1,2,15793,12034,,,,,fr,,XX,1000,Unknown HS,,0,0,0,,0,0,0,,TH,FR,1,1,
11622761,D,394985,7703002500,1,2,15793,12034,,,,,fr,,XX,1000,Unknown HS,,0,0,0,,0,0,0,,TH,FR,1,1,
11622762,D,394985,8200801803,1,2,15793,12034,,,,,fr,,XX,1000,Unknown HS,,0,0,0,,0,0,0,,TH,FR,1,1,
11622763,D,394985,122005940R,1,2,15793,12034,,,,,fr,,XX,1000,Unknown HS,,0,0,0,,0,0,0,,TH,FR,1,1,
11622764,D,394985,7703002765,1,2,15793,12034,,,,,fr,,XX,1000,Unknown HS,,0,0,0,,0,0,0,,TH,FR,1,1,
11622765,D,394985,7703002645,1,2,15793,12034,,,,,fr,,XX,1000,Unknown HS,,0,0,0,,0,0,0,,TH,FR,1,1,
11622766,D,394985,8200805645,1,2,15793,12034,,,,,fr,,XX,1000,Unknown HS,,0,0,0,,0,0,0,,TH,FR,1,1,
11622767,D,394985,8200337109,1,2,15793,12034,,,,,fr,,XX,1000,Unknown HS,,0,0,0,,0,0,0,,TH,FR,1,1,
11622768,D,394985,146508418R,1,2,15793,12034,,,,,fr,,XX,1000,Unknown HS,,0,0,0,,0,0,0,,TH,FR,1,1,
11622769,D,394985,124378807R,1,2,15793,50899,,,,,fr,,XX,1000,Unknown HS,,0,0,0,,0,0,0,,TH,FR,1,1,
11622770,D,394985,110100354R,1,2,15793,12034,,,,,fr,,XX,1000,Unknown HS,,0,0,0,,0,0,0,,TH,FR,1,1,
11622771,D,394985,7703002761,1,2,15793,12034,,,,,fr,,XX,1000,Unknown HS,,0,0,0,,0,0,0,,TH,FR,1,1,
11622772,D,394985,166334473R,1,2,15793,12034,,,,,fr,,XX,1000,Unknown HS,,0,0,0,,0,0,0,,TH,FR,1,1,
11622773,D,394985,922304507R,1,2,15793,12034,,,,,fr,,XX,1000,Unknown HS,,0,0,0,,0,0,0,,TH,FR,1,1,
11622774,D,394985,167008683R,1,2,15793,12034,,,,,fr,,XX,1000,Unknown HS,,0,0,0,,0,0,0,,TH,FR,1,1,
11622775,D,394985,147252403R,1,2,15793,12034,,,,,fr,,XX,1000,Unknown HS,,0,0,0,,0,0,0,,TH,FR,1,1,
11622776,D,394985,130214108R,1,2,15793,12034,,,,,fr,,XX,1000,Unknown HS,,0,0,0,,0,0,0,,TH,FR,1,1,
11622777,D,394985,8200902477,1,2,15793,12034,,,,,fr,,XX,1000,Unknown HS,,0,0,0,,0,0,0,,TH,FR,1,1,
11622778,D,394985,151923552R,1,2,15793,12034,,,,,fr,,XX,1000,Unknown HS,,0,0,0,,0,0,0,,TH,FR,1,1,
11622779,D,394985,8200393407,1,2,15793,12034,,,,,fr,,XX,1000,Unknown HS,,0,0,0,,0,0,0,,TH,FR,1,1,
11622780,D,394985,151882356R,1,2,15793,12034,,,,,fr,,XX,1000,Unknown HS,,0,0,0,,0,0,0,,TH,FR,1,1,
11622781,D,394985,130284752R,1,2,15793,12034,,,,,fr,,XX,1000,Unknown HS,,0,0,0,,0,0,0,,TH,FR,1,1,
11622782,D,394985,140361015R,1,2,15793,12034,,,,,fr,,XX,1000,Unknown HS,,0,0,0,,0,0,0,,TH,FR,1,1,
11622783,D,394985,122972117R,1,2,15793,12034,,,,,fr,,XX,1000,Unknown HS,,0,0,0,,0,0,0,,TH,FR,1,1,
11622784,D,394985,7703002658,1,2,15793,12034,,,,,fr,,XX,1000,Unknown HS,,0,0,0,,0,0,0,,TH,FR,1,1,
11622785,D,394985,8200819591,1,2,15793,12034,,,,,fr,,XX,1000,Unknown HS,,0,0,0,,0,0,0,,TH,FR,1,1,
11622786,D,394985,7703102069,1,2,15793,12034,,,,,fr,,XX,1000,Unknown HS,,0,0,0,,0,0,0,,TH,FR,1,1,
11622787,D,394985,223259238R,1,2,15793,12034,,,,,fr,,XX,1000,Unknown HS,,0,0,0,,0,0,0,,TH,FR,1,1,
11622788,D,394985,150007894R,1,2,15793,12034,,,,,fr,,XX,1000,Unknown HS,,0,0,0,,0,0,0,,TH,FR,1,1,
11622789,D,394985,7703034304,1,2,15793,12034,,,,,fr,,XX,1000,Unknown HS,,0,0,0,,0,0,0,,TH,FR,1,1,
11622790,D,394985,7703002892,1,2,15793,12034,,,,,fr,,XX,1000,Unknown HS,,0,0,0,,0,0,0,,TH,FR,1,1,
11622791,D,394985,7703002661,1,2,15793,12034,,,,,fr,,XX,1000,Unknown HS,,0,0,0,,0,0,0,,TH,FR,1,1,
11622792,D,394985,123112496R,1,2,15793,12034,,,,,fr,,XX,1000,Unknown HS,,0,0,0,,0,0,0,,TH,FR,1,1,
11622793,D,394985,130124822R,1,2,15793,12034,,,,,fr,,XX,1000,Unknown HS,,0,0,0,,0,0,0,,TH,FR,1,1,
11622794,D,394985,8201036353,1,2,15793,12034,,,,,fr,,XX,1000,Unknown HS,,0,0,0,,0,0,0,,TH,FR,1,1,
11622795,D,394985,8200376373,1,2,15793,12034,,,,,fr,,XX,1000,Unknown HS,,0,0,0,,0,0,0,,TH,FR,1,1,
11622796,D,394985,110414467R,1,2,15793,12034,,,,,fr,,XX,1000,Unknown HS,,0,0,0,,0,0,0,,TH,FR,1,1,
11622797,D,394985,7703002792,1,2,15793,12034,,,,,fr,,XX,1000,Unknown HS,,0,0,0,,0,0,0,,TH,FR,1,1,
11622798,D,394985,7703002631,1,2,15793,12034,,,,,fr,,XX,1000,Unknown HS,,0,0,0,,0,0,0,,TH,FR,1,1,
11622799,D,394985,123091465R,1,2,15793,12034,,,,,fr,,XX,1000,Unknown HS,,0,0,0,,0,0,0,,TH,FR,1,1,
11622800,D,394985,122236315R,1,2,15793,50899,,,,,fr,,XX,1000,Unknown HS,,0,0,0,,0,0,0,,TH,FR,1,1,
12510079,D,137861,144604BD1B,1,2,15793,16021,,,,,fr,,XX,1000,UnknownHS,,0,0,0,,0,0,0,,KR,FR,1,1,
12510080,D,137861,620363881R,1,2,15793,16021,,,,,fr,,FR,1000,8708109000,,0,0,0,,0,0,0,,KR,FR,1,1,
12510081,D,137861,215060009R,1,2,15793,16021,,,,,fr,,ES,1000,UnknownHS,,0,0,0,,0,0,0,,KR,FR,1,1,
12510082,D,137861,242300004R,1,2,15793,16021,,,,,fr,,FR,1000,UnknownHS,,0,0,0,,0,0,0,,KR,FR,1,1,
12510083,D,137861,491150002R,1,2,15793,16021,,,,,fr,,FR,1000,UnknownHS,,0,0,0,,0,0,0,,KR,FR,1,1,
12510084,D,137861,243800010R,1,2,15793,16021,,,,,fr,,XX,1000,UnknownHS,,0,0,0,,0,0,0,,KR,FR,1,1,
12510085,D,137861,8200002897,1,2,15793,16021,,,,,fr,,XX,1000,UnknownHS,,0,0,0,,0,0,0,,KR,FR,1,1,
12510086,D,137861,924874517R,1,2,15793,16021,,,,,fr,,XX,1000,UnknownHS,,0,0,0,,0,0,0,,KR,FR,1,1,
12510087,D,137861,144634BD0A,1,2,15793,16021,,,,,fr,,DE,1000,UnknownHS,,0,0,0,,0,0,0,,KR,FR,1,1,
12510088,D,137861,284504445R,1,2,15793,16021,,,,,fr,,XX,1000,UnknownHS,,0,0,0,,0,0,0,,KR,FR,1,1,
12510089,D,137861,8200366168,1,2,15793,16021,,,,,fr,,DE,1000,UnknownHS,,0,0,0,,0,0,0,,KR,FR,1,1,
12510090,D,137861,873116705R,1,2,15793,16021,,,,,fr,,XX,1000,UnknownHS,,0,0,0,,0,0,0,,KR,FR,1,1,
12510091,D,137861,285C78835R,1,2,15793,16021,,,,,fr,,XX,1000,UnknownHS,,0,0,0,,0,0,0,,KR,FR,1,1,
12510092,D,137861,484000580R,1,2,15793,16021,,,,,fr,,XX,1000,8708943500,,0,0,0,,0,0,0,,KR,FR,1,1,
12510093,D,137861,284388185R,1,2,15793,16021,,,,,fr,,XX,1000,UnknownHS,,0,0,0,,0,0,0,,KR,FR,1,1,
12510094,D,137861,260606722R,1,2,15793,16021,,,,,fr,,XX,1000,UnknownHS,,0,0,0,,0,0,0,,KR,FR,1,1,
12510095,D,137861,284C40002R,1,2,15793,16021,,,,,fr,,FR,1000,8538909999,,0,0,0,,0,0,0,,KR,FR,1,1,
12510096,D,137861,295H09224R,1,2,15793,16021,,,,,fr,,FR,1000,8544429090,,0,0,0,,0,0,0,,KR,FR,1,1,
12510097,D,137861,295D71910R,1,2,15793,16021,,,,,fr,,FR,1000,UnknownHS,,0,0,0,,0,0,0,,KR,FR,1,1,
12510098,D,137861,206910004R,1,2,15793,16021,,,,,fr,,DE,1000,7326909890,,0,0,0,,0,0,0,,KR,FR,1,1,
12510099,D,137861,363210001R,1,2,15793,16021,,,,,fr,,XX,1000,UnknownHS,,0,0,0,,0,0,0,,KR,FR,1,1,
12510100,D,137861,144674EB0A,1,2,15793,16021,,,,,fr,,GB,1000,UnknownHS,,0,0,0,,0,0,0,,KR,FR,1,1,
12510101,D,137861,7703074429,1,2,15793,16021,,,,,fr,,XX,1000,UnknownHS,,0,0,0,,0,0,0,,KR,FR,1,1,
12510102,D,137861,285C72920R,1,2,15793,16021,,,,,fr,,XX,1000,8529909790,,0,0,0,,0,0,0,,KR,FR,1,1,
12510105,D,137861,924336201R,1,2,15793,16021,,,,,fr,,PL,1000,UnknownHS,,0,0,0,,0,0,0,,KR,FR,1,1,
12510106,D,137861,8200467247,1,2,15793,16021,,,,,fr,,XX,1000,UnknownHS,,0,0,0,,0,0,0,,KR,FR,1,1,
12510107,D,137861,244130001R,1,2,15793,16021,,,,,fr,,FR,1000,UnknownHS,,0,0,0,,0,0,0,,KR,FR,1,1,
12510108,D,137861,497301848R,1,2,15793,16021,,,,,fr,,FR,1000,UnknownHS,,0,0,0,,0,0,0,,KR,FR,1,1,
12510109,D,137861,243800011R,1,2,15793,16021,,,,,fr,,XX,1000,UnknownHS,,0,0,0,,0,0,0,,KR,FR,1,1,
12510110,D,137861,7700838358,1,2,15793,16021,,,,,fr,,FR,1000,8708299090,,0,0,0,,0,0,0,,KR,FR,1,1,
12510111,D,137861,271A30009R,1,2,15793,16021,,,,,fr,,PL,1000,4009320090,,0,0,0,,0,0,0,,KR,FR,1,1,
12510112,D,137861,285P59425R,1,2,15793,16021,,,,,fr,,FR,1000,UnknownHS,,0,0,0,,0,0,0,,KR,FR,1,1,
12509932,D,137857,320101384R,1,2,15793,16021,,,,,fr,,DE,1000,UnknownHS,,0,0,0,,0,0,0,,KR,FR,1,1,
12509929,D,137857,265555041R,1,2,15793,16021,,,,,fr,,XX,1000,UnknownHS,,0,0,0,,0,0,0,,KR,FR,1,1,
12509930,D,137857,440109211R,1,2,15793,16021,,,,,fr,,XX,1000,UnknownHS,,0,0,0,,0,0,0,,KR,FR,1,1,
12509931,D,137857,623100546R,1,2,15793,16021,,,,,fr,,FR,1000,UnknownHS,,0,0,0,,0,0,0,,KR,FR,1,1,
12509933,D,137857,625301229R,1,2,15793,16021,,,,,fr,,FR,1000,UnknownHS,,0,0,0,,0,0,0,,KR,FR,1,1,
12509934,D,137857,144634BD0A,1,2,15793,16021,,,,,fr,,DE,1000,UnknownHS,,0,0,0,,0,0,0,,KR,FR,1,1,
12509935,D,137857,995043645R,1,2,15793,16021,,,,,fr,,FR,1000,UnknownHS,,0,0,0,,0,0,0,,KR,FR,1,1,
12509936,D,137857,462710568R,1,2,15793,16021,,,,,fr,,ES,1000,UnknownHS,,0,0,0,,0,0,0,,KR,FR,1,1,
12509937,D,137857,487004553R,1,2,15793,16021,,,,,fr,,XX,1000,UnknownHS,,0,0,0,,0,0,0,,KR,FR,1,1,
12509938,D,137857,265503924R,1,2,15793,16021,,,,,fr,,XX,1000,UnknownHS,,0,0,0,,0,0,0,,KR,FR,1,1,
12509939,D,137857,284B14565R,1,2,15793,16021,,,,,fr,,XX,1000,8537109199,,0,0,0,,0,0,0,,KR,FR,1,1,
12509940,D,137857,440103272R,1,2,15793,16021,,,,,fr,,FR,1000,UnknownHS,,0,0,0,,0,0,0,,KR,FR,1,1,
12509941,D,137857,208D04BD0B,1,2,15793,16021,,,,,fr,,FR,1000,UnknownHS,,0,0,0,,0,0,0,,KR,FR,1,1,
12509942,D,137857,265554267R,1,2,15793,16021,,,,,fr,,XX,1000,UnknownHS,,0,0,0,,0,0,0,,KR,FR,1,1,
12509943,D,137857,484006493R,1,2,15793,16021,,,,,fr,,XX,1000,8708943500,,0,0,0,,0,0,0,,KR,FR,1,1,
12509945,D,137857,260606722R,1,2,15793,16021,,,,,fr,,XX,1000,UnknownHS,,0,0,0,,0,0,0,,KR,FR,1,1,
12509948,D,137857,217100014R,1,2,15793,16021,,,,,fr,,FR,1000,UnknownHS,,0,0,0,,0,0,0,,KR,FR,1,1,
12509950,D,137857,265557493R,1,2,15793,16021,,,,,fr,,XX,1000,UnknownHS,,0,0,0,,0,0,0,,KR,FR,1,1,
12509952,D,137857,546110013R,1,2,15793,16021,,,,,fr,,XX,1000,UnknownHS,,0,0,0,,0,0,0,,KR,FR,1,1,
12509955,D,137857,430420002R,1,2,15793,16021,,,,,fr,,FR,1000,UnknownHS,,0,0,0,,0,0,0,,KR,FR,1,1,
12509957,D,137857,430420004R,1,2,15793,16021,,,,,fr,,FR,1000,UnknownHS,,0,0,0,,0,0,0,,KR,FR,1,1,
12509958,D,137857,540102503R,1,2,15793,16021,,,,,fr,,CZ,1000,7320208190,,0,0,0,,0,0,0,,KR,FR,1,1,
12509961,D,137857,440003883R,1,2,15793,16021,,,,,fr,,FR,1000,UnknownHS,,0,0,0,,0,0,0,,KR,FR,1,1,
12509963,D,137857,261509314R,1,2,15793,16021,,,,,fr,,BE,1000,UnknownHS,,0,0,0,,0,0,0,,KR,FR,1,1,
12509966,D,137857,144604BD1B,1,2,15793,16021,,,,,fr,,XX,1000,UnknownHS,,0,0,0,,0,0,0,,KR,FR,1,1,
12472203,D,137005,488100808R,1,2,15793,16021,,,,,fr,,FR,1000,UnknownHS,,0,0,0,,0,0,0,,KR,FR,1,1,
12472200,D,137005,280909173R,1,2,15793,16021,,,,,fr,,XX,1000,UnknownHS,,0,0,0,,0,0,0,,KR,FR,1,1,
12472201,D,137005,924412459R,1,2,15793,16021,,,,,fr,,XX,1000,UnknownHS,,0,0,0,,0,0,0,,KR,FR,1,1,
12472202,D,137005,908238514R,1,2,15793,16021,,,,,fr,,DE,1000,UnknownHS,,0,0,0,,0,0,0,,KR,FR,1,1,
12472204,D,137005,233009813R,1,2,15793,16021,,,,,fr,,FR,1000,UnknownHS,,0,0,0,,0,0,0,,KR,FR,1,1,
12472205,D,137005,758906742R,1,2,15793,16021,,,,,fr,,XX,1000,UnknownHS,,0,0,0,,0,0,0,,KR,FR,1,1,
12472206,D,137005,144634BD0A,1,2,15793,16021,,,,,fr,,DE,1000,UnknownHS,,0,0,0,,0,0,0,,KR,FR,1,1,
12472207,D,137005,215586371R,1,2,15793,16021,,,,,fr,,FR,1000,8708999790,,0,0,0,,0,0,0,,KR,FR,1,1,
12472208,D,137005,284B14565R,1,2,15793,16021,,,,,fr,,XX,1000,UnknownHS,,0,0,0,,0,0,0,,KR,FR,1,1,
12472209,D,137005,208D04BD0B,1,2,15793,16021,,,,,fr,,FR,1000,UnknownHS,,0,0,0,,0,0,0,,KR,FR,1,1,
12472210,D,137005,926004PB0A,1,2,15793,16021,,,,,fr,,DE,1000,UnknownHS,,0,0,0,,0,0,0,,KR,FR,1,1,
12472211,D,137005,271431315R,1,2,15793,16021,,,,,fr,,XX,1000,8516299900,,0,0,0,,0,0,0,,KR,FR,1,1,
12472212,D,137005,479508802R,1,2,15793,16021,,,,,fr,,XX,1000,UnknownHS,,0,0,0,,0,0,0,,KR,FR,1,1,
12472213,D,137005,925164GA0A,1,2,15793,16021,,,,,fr,,XX,1000,UnknownHS,,0,0,0,,0,0,0,,KR,FR,1,1,
12472214,D,137005,8200533915,1,2,15793,16021,,,,,fr,,IT,1000,8536901000,,0,0,0,,0,0,0,,KR,FR,1,1,
12472215,D,137005,908226828R,1,2,15793,16021,,,,,fr,,DE,1000,UnknownHS,,0,0,0,,0,0,0,,KR,FR,1,1,
12472216,D,137005,260606722R,1,2,15793,16021,,,,,fr,,XX,1000,UnknownHS,,0,0,0,,0,0,0,,KR,FR,1,1,
12472217,D,137005,476603871R,1,2,15793,16021,,,,,fr,,XX,1000,UnknownHS,,0,0,0,,0,0,0,,KR,FR,1,1,
12472218,D,137005,926004EB0A,1,2,15793,16021,,,,,fr,,DE,1000,UnknownHS,,0,0,0,,0,0,0,,KR,FR,1,1,
12472219,D,137005,244314EA0A,1,2,15793,16021,,,,,fr,,FR,1000,UnknownHS,,0,0,0,,0,0,0,,KR,FR,1,1,
12472220,D,137005,769843891R,1,2,15793,16021,,,,,fr,,FR,1000,UnknownHS,,0,0,0,,0,0,0,,KR,FR,1,1,
12472221,D,137005,285905306R,1,2,15793,16021,,,,,fr,,XX,1000,8538909999,,0,0,0,,0,0,0,,KR,FR,1,1,
12472222,D,137005,290127953R,1,2,15793,16021,,,,,fr,,XX,1000,UnknownHS,,0,0,0,,0,0,0,,KR,FR,1,1,
12472223,D,137005,476601802R,1,2,15793,16021,,,,,fr,,XX,1000,UnknownHS,,0,0,0,,0,0,0,,KR,FR,1,1,
12472224,D,137005,769843298R,1,2,15793,16021,,,,,fr,,FR,1000,UnknownHS,,0,0,0,,0,0,0,,KR,FR,1,1,
12472225,D,137005,118297586R,1,2,15793,16021,,,,,fr,,SK,1000,4009120090,,0,0,0,,0,0,0,,KR,FR,1,1,
12472226,D,137005,545605275R,1,2,15793,16021,,,,,fr,,XX,1000,UnknownHS,,0,0,0,,0,0,0,,KR,FR,1,1,
12472227,D,137005,400069049R,1,2,15793,16021,,,,,fr,,FR,1000,UnknownHS,,0,0,0,,0,0,0,,KR,FR,1,1,
12472228,D,137005,20817JG60A,1,2,15793,16021,,,,,fr,,FR,1000,UnknownHS,,0,0,0,,0,0,0,,KR,FR,1,1,
12472229,D,137005,349352079R,1,2,15793,16021,,,,,fr,,SK,1000,UnknownHS,,0,0,0,,0,0,0,,KR,FR,1,1,
12472230,D,137005,391011401R,1,2,15793,16021,,,,,fr,,FR,1000,8708509990,,0,0,0,,0,0,0,,KR,FR,1,1,
12472231,D,137005,400065192R,1,2,15793,16021,,,,,fr,,FR,1000,UnknownHS,,0,0,0,,0,0,0,,KR,FR,1,1,
12472232,D,137005,479103473R,1,2,15793,16021,,,,,fr,,XX,1000,8543709099,,0,0,0,,0,0,0,,KR,FR,1,1,
12472233,D,137005,261509314R,1,2,15793,16021,,,,,fr,,BE,1000,UnknownHS,,0,0,0,,0,0,0,,KR,FR,1,1,
12472234,D,137005,476607355R,1,2,15793,16021,,,,,fr,,XX,1000,UnknownHS,,0,0,0,,0,0,0,,KR,FR,1,1,
12472235,D,137005,144604BD1B,1,2,15793,16021,,,,,fr,,XX,1000,UnknownHS,,0,0,0,,0,0,0,,KR,FR,1,1,
12472236,D,137005,476604033R,1,2,15793,16021,,,,,fr,,XX,1000,UnknownHS,,0,0,0,,0,0,0,,KR,FR,1,1,
12466154,A,136806,320101384R,1,1,15793,16021,,,,,en,,DE,4000,UnknownHS,,0,0,0,,0,0,0,,KR,FR,1,1,
12466155,A,136806,430420004R,1,1,15793,16021,,,,,en,,FR,4000,UnknownHS,,0,0,0,,0,0,0,,KR,FR,1,1,
12466156,A,136806,620363881R,1,1,15793,16021,,,,,en,,FR,4000,UnknownHS,,0,0,0,,0,0,0,,KR,FR,1,1,
12466157,A,136806,440003883R,1,1,15793,16021,,,,,en,,FR,4000,UnknownHS,,0,0,0,,0,0,0,,KR,FR,1,1,
12466158,A,136806,208D04BD0A,1,1,15793,16021,,,,,en,,FR,4000,UnknownHS,,0,0,0,,0,0,0,,KR,FR,1,1,
12466159,A,136806,208D04BD0B,1,1,15793,16021,,,,,en,,FR,4000,UnknownHS,,0,0,0,,0,0,0,,KR,FR,1,1,
12466160,A,136806,484006493R,1,1,15793,16021,,,,,en,,XX,4000,UnknownHS,,0,0,0,,0,0,0,,KR,FR,1,1,
12466161,A,136806,873116705R,1,1,15793,16021,,,,,en,,XX,4000,UnknownHS,,0,0,0,,0,0,0,,KR,FR,1,1,
12466162,A,136806,391006384R,1,1,15793,16021,,,,,en,,FR,4000,UnknownHS,,0,0,0,,0,0,0,,KR,FR,1,1,
12466163,A,136806,550209179R,1,1,15793,16021,,,,,en,,CZ,4000,UnknownHS,,0,0,0,,0,0,0,,KR,FR,1,1,
12466164,A,136806,170404BE1A,1,1,15793,16021,,,,,en,,XX,4000,UnknownHS,,0,0,0,,0,0,0,,KR,FR,1,1,
12466165,A,136806,214000170R,1,1,15793,16021,,,,,en,,PL,4000,UnknownHS,,0,0,0,,0,0,0,,KR,FR,1,1,
12466166,A,136806,214810854R,1,1,15793,16021,,,,,en,,XX,4000,UnknownHS,,0,0,0,,0,0,0,,KR,FR,1,1,
12466167,A,136806,440103272R,1,1,15793,16021,,,,,en,,FR,4000,UnknownHS,,0,0,0,,0,0,0,,KR,FR,1,1,
12466168,A,136806,476603871R,1,1,15793,16021,,,,,en,,XX,4000,UnknownHS,,0,0,0,,0,0,0,,KR,FR,1,1,
12466169,A,136806,320104276R,1,1,15793,16021,,,,,en,,DE,4000,UnknownHS,,0,0,0,,0,0,0,,KR,FR,1,1,
12466170,A,136806,165558300R,1,1,15793,16021,,,,,en,,FR,4000,UnknownHS,,0,0,0,,0,0,0,,KR,FR,1,1,
12466171,A,136806,217100014R,1,1,15793,16021,,,,,en,,FR,4000,UnknownHS,,0,0,0,,0,0,0,,KR,FR,1,1,
12466172,A,136806,540102503R,1,1,15793,16021,,,,,en,,CZ,4000,UnknownHS,,0,0,0,,0,0,0,,KR,FR,1,1,
12466173,A,136806,164000637R,1,1,15793,16021,,,,,en,,FR,4000,UnknownHS,,0,0,0,,0,0,0,,KR,FR,1,1,
12466174,A,136806,285F26474R,1,1,15793,16021,,,,,en,,XX,4000,UnknownHS,,0,0,0,,0,0,0,,KR,FR,1,1,
12466175,A,136806,144634BD0A,1,1,15793,16021,,,,,en,,DE,4000,UnknownHS,,0,0,0,,0,0,0,,KR,FR,1,1,
12466176,A,136806,260606722R,1,1,15793,16021,,,,,en,,XX,4000,UnknownHS,,0,0,0,,0,0,0,,KR,FR,1,1,
12466177,A,136806,272687096R,1,1,15793,16021,,,,,en,,FR,4000,UnknownHS,,0,0,0,,0,0,0,,KR,FR,1,1,
12466101,A,136805,625301229R,1,1,15793,16021,,,,,en,,FR,4000,UnknownHS,,0,0,0,,0,0,0,,KR,FR,1,1,
12466104,A,136805,620363881R,1,1,15793,16021,,,,,en,,FR,4000,UnknownHS,,0,0,0,,0,0,0,,KR,FR,1,1,
12466105,A,136805,260100184R,1,1,15793,16021,,,,,en,,XX,4000,UnknownHS,,0,0,0,,0,0,0,,KR,FR,1,1,
12466107,A,136805,484006493R,1,1,15793,16021,,,,,en,,XX,4000,UnknownHS,,0,0,0,,0,0,0,,KR,FR,1,1,
12466109,A,136805,260606722R,1,1,15793,16021,,,,,en,,XX,4000,UnknownHS,,0,0,0,,0,0,0,,KR,FR,1,1,
12466092,A,136801,100019772R,1,1,15793,16021,,,,,en,,FR,4000,UnknownHS,,0,0,0,,0,0,0,,KR,FR,1,1,
12466094,A,136799,100019772R,1,1,15793,16021,,,,,en,,FR,4000,UnknownHS,,0,0,0,,0,0,0,,KR,FR,1,1,
12466198,A,136814,208D04BD0B,1,1,15793,16021,,,,,en,,FR,4000,UnknownHS,,0,0,0,,0,0,0,,KR,FR,1,1,
12466195,A,136814,144604BD1B,1,1,15793,16021,,,,,en,,XX,4000,UnknownHS,,0,0,0,,0,0,0,,KR,FR,1,1,
12466196,A,136814,465034BG4B,1,1,15793,16021,,,,,en,,FR,4000,UnknownHS,,0,0,0,,0,0,0,,KR,FR,1,1,
12466197,A,136814,208D04BD0A,1,1,15793,16021,,,,,en,,FR,4000,UnknownHS,,0,0,0,,0,0,0,,KR,FR,1,1,
12466199,A,136814,484006493R,1,1,15793,16021,,,,,en,,XX,4000,UnknownHS,,0,0,0,,0,0,0,,KR,FR,1,1,
12466200,A,136814,172029557R,1,1,15793,16021,,,,,en,,XX,4000,UnknownHS,,0,0,0,,0,0,0,,KR,FR,1,1,
12466201,A,136814,250604BE1A,1,1,15793,16021,,,,,en,,XX,4000,UnknownHS,,0,0,0,,0,0,0,,KR,FR,1,1,
12466202,A,136814,265554267R,1,1,15793,16021,,,,,en,,XX,4000,UnknownHS,,0,0,0,,0,0,0,,KR,FR,1,1,
12466203,A,136814,165556458R,1,1,15793,16021,,,,,en,,FR,4000,UnknownHS,,0,0,0,,0,0,0,,KR,FR,1,1,
12466204,A,136814,265557493R,1,1,15793,16021,,,,,en,,XX,4000,UnknownHS,,0,0,0,,0,0,0,,KR,FR,1,1,
12466205,A,136814,170404BE1A,1,1,15793,16021,,,,,en,,XX,4000,UnknownHS,,0,0,0,,0,0,0,,KR,FR,1,1,
12466206,A,136814,214810854R,1,1,15793,16021,,,,,en,,XX,4000,UnknownHS,,0,0,0,,0,0,0,,KR,FR,1,1,
12466207,A,136814,926004EB0A,1,1,15793,16021,,,,,en,,DE,4000,UnknownHS,,0,0,0,,0,0,0,,KR,FR,1,1,
12466208,A,136814,265552867R,1,1,15793,16021,,,,,en,,XX,4000,UnknownHS,,0,0,0,,0,0,0,,KR,FR,1,1,
12466209,A,136814,144609787R,1,1,15793,16021,,,,,en,,FR,4000,UnknownHS,,0,0,0,,0,0,0,,KR,FR,1,1,
12466210,A,136814,149520160R,1,1,15793,16021,,,,,en,,FR,4000,UnknownHS,,0,0,0,,0,0,0,,KR,FR,1,1,
12466211,A,136814,265501301R,1,1,15793,16021,,,,,en,,XX,4000,UnknownHS,,0,0,0,,0,0,0,,KR,FR,1,1,
12466212,A,136814,260606722R,1,1,15793,16021,,,,,en,,XX,4000,UnknownHS,,0,0,0,,0,0,0,,KR,FR,1,1,
12466213,A,136814,484000580R,1,1,15793,16021,,,,,en,,XX,4000,UnknownHS,,0,0,0,,0,0,0,,KR,FR,1,1,
12509887,A,137858,284B14565R,1,1,15793,16021,,,,,en,,XX,4000,UnknownHS,,0,0,0,,0,0,0,,KR,FR,1,1,
12509888,A,137858,169108688R,1,1,15793,16021,,,,,en,,XX,4000,UnknownHS,,0,0,0,,0,0,0,,KR,FR,1,1,
12509889,A,137858,144604BD1B,1,1,15793,16021,,,,,en,,XX,4000,UnknownHS,,0,0,0,,0,0,0,,KR,FR,1,1,
12509890,A,137858,320101384R,1,1,15793,16021,,,,,en,,DE,4000,UnknownHS,,0,0,0,,0,0,0,,KR,FR,1,1,
12509891,A,137858,172027799R,1,1,15793,16021,,,,,en,,XX,4000,UnknownHS,,0,0,0,,0,0,0,,KR,FR,1,1,
12509892,A,137858,620363881R,1,1,15793,16021,,,,,en,,FR,4000,UnknownHS,,0,0,0,,0,0,0,,KR,FR,1,1,
12509893,A,137858,465034BG4B,1,1,15793,16021,,,,,en,,FR,4000,UnknownHS,,0,0,0,,0,0,0,,KR,FR,1,1,
12509896,A,137858,873352990R,1,1,15793,16021,,,,,en,,XX,4000,UnknownHS,,0,0,0,,0,0,0,,KR,FR,1,1,
12509899,A,137858,208D04BD0A,1,1,15793,16021,,,,,en,,FR,4000,UnknownHS,,0,0,0,,0,0,0,,KR,FR,1,1,
12509900,A,137858,208D04BD0B,1,1,15793,16021,,,,,en,,FR,4000,UnknownHS,,0,0,0,,0,0,0,,KR,FR,1,1,
12607230,D,140175,8201627829,1,1,7597,15710,fr,.,NoTradeMark,,en,,FR,1000,8708402090,,0,0,0,,0,0,0,,RU,FR,1,1,
12607231,D,140175,828209435R,1,1,7597,15710,en,,,,en,,ES,1000,4016930090,,0,0,0,,0,0,0,,RU,FR,1,1,
12607232,D,140175,8201018716,1,1,7597,15710,,,,,en,,XX,1000,8414308920,,0,0,0,,0,0,0,,RU,FR,1,1,
12607235,D,140175,8200715078,1,1,7597,15710,,,,,en,,XX,1000,8708301000,,0,0,0,,0,0,0,,RU,FR,1,1,
12607238,D,140175,808204302R,1,1,7597,15710,,,,,en,,XX,1000,4016930090,,0,0,0,,0,0,0,,RU,FR,1,1,
12607200,D,140152,8200885084,1,2,15695,16021,,,,,,,DE,1000,UnknownHS,,0,0,0,,0,0,0,,KR,FR,1,1,
12607203,D,140154,7703034262,1,2,15695,16021,,,,,,,FR,1000,UnknownHS,,0,0,0,,0,0,0,,KR,FR,1,1,
12607205,D,140156,8200888543,1,2,15695,16021,,,,,,,DE,1000,UnknownHS,,0,0,0,,0,0,0,,KR,FR,1,1,
12607206,D,140158,8200885084,1,2,15695,16021,,,,,,,DE,1000,UnknownHS,,0,0,0,,0,0,0,,KR,FR,1,1,
12607209,D,140160,8200246440,1,2,15695,16021,,,,,,,FR,1000,UnknownHS,,0,0,0,,0,0,0,,KR,FR,1,1,
12607215,D,140169,7703026056,1,2,15695,16021,,,,,,,DE,1000,UnknownHS,,0,0,0,,0,0,0,,KR,FR,1,1,
12607214,D,140168,8200554273,1,2,15695,15572,,,,,,,FR,1000,UnknownHS,,0,0,0,,0,0,0,,BR,FR,1,1,
12609316,D,140268,7703002731,1,2,15695,16021,,,,,,,IT,1000,UnknownHS,,0,0,0,,0,0,0,,KR,FR,1,1,
12609317,D,140270,7703101595,1,2,15695,16021,,,,,,,FR,1000,UnknownHS,,0,0,0,,0,0,0,,KR,FR,1,1,
12608743,D,140265,7703077210,1,2,15705,8415,,,,,,,FR,1000,UnknownHS,,0,0,0,,0,0,0,,CO,FR,1,1,
12608744,D,140265,7703085038,1,2,15705,8415,,,,,,,XX,1000,UnknownHS,,0,0,0,,0,0,0,,CO,FR,1,1,
12608745,D,140265,8200087311,1,2,15705,8415,,,,,,,DE,1000,UnknownHS,,0,0,0,,0,0,0,,CO,FR,1,1,
12608746,D,140265,8200624691,1,2,15705,8415,,,,,,,XX,1000,UnknownHS,,0,0,0,,0,0,0,,CO,FR,1,1,
12608747,D,140265,7703042100,1,2,15705,8415,,,,,,,FR,1000,UnknownHS,,0,0,0,,0,0,0,,CO,FR,1,1,
12608748,D,140265,7703602058,1,2,15705,8415,,,,,,,FR,1000,UnknownHS,,0,0,0,,0,0,0,,CO,FR,1,1,
12608749,D,140265,206510005R,1,2,15705,8415,,,,,,,XX,1000,UnknownHS,,0,0,0,,0,0,0,,CO,FR,1,1,
12608750,D,140265,7703074687,1,2,15705,8415,,,,,,,XX,1000,UnknownHS,,0,0,0,,0,0,0,,CO,FR,1,1,
12608751,D,140265,7703074650,1,2,15705,8415,,,,,,,XX,1000,UnknownHS,,0,0,0,,0,0,0,,CO,FR,1,1,
12608752,D,140265,7703179100,1,2,15705,8415,,,,,,,FR,1000,UnknownHS,,0,0,0,,0,0,0,,CO,FR,1,1,
12608753,D,140265,7703101486,1,2,15705,8415,,,,,,,IT,1000,UnknownHS,,0,0,0,,0,0,0,,CO,FR,1,1,
12608659,D,140265,7703033205,1,2,15705,8415,,,,,,,IT,1000,UnknownHS,,0,0,0,,0,0,0,,CO,FR,1,1,
12608660,D,140265,8200888543,1,2,15705,8415,,,,,,,DE,1000,UnknownHS,,0,0,0,,0,0,0,,CO,FR,1,1,
12608661,D,140265,7703079067,1,2,15705,8415,,,,,,,FR,1000,UnknownHS,,0,0,0,,0,0,0,,CO,FR,1,1,
12608662,D,140265,7703079449,1,2,15705,8415,,,,,,,FR,1000,UnknownHS,,0,0,0,,0,0,0,,CO,FR,1,1,
12608663,D,140265,7703002731,1,2,15705,8415,,,,,,,IT,1000,UnknownHS,,0,0,0,,0,0,0,,CO,FR,1,1,
12608664,D,140265,7703046143,1,2,15705,8415,,,,,,,XX,1000,UnknownHS,,0,0,0,,0,0,0,,CO,FR,1,1,
12608665,D,140265,402348364R,1,2,15705,8415,,,,,,,FR,1000,UnknownHS,,0,0,0,,0,0,0,,CO,FR,1,1,
12608666,D,140265,8200584324,1,2,15705,8415,,,,,,,FR,1000,UnknownHS,,0,0,0,,0,0,0,,CO,FR,1,1,
12608667,D,140265,7703074621,1,2,15705,8415,,,,,,,XX,1000,UnknownHS,,0,0,0,,0,0,0,,CO,FR,1,1,
12608668,D,140265,7703074606,1,2,15705,8415,,,,,,,XX,1000,UnknownHS,,0,0,0,,0,0,0,,CO,FR,1,1,
12608669,D,140265,7703602276,1,2,15705,8415,,,,,,,IT,1000,UnknownHS,,0,0,0,,0,0,0,,CO,FR,1,1,
12608670,D,140265,7703602227,1,2,15705,8415,,,,,,,IT,1000,UnknownHS,,0,0,0,,0,0,0,,CO,FR,1,1,
12608671,D,140265,7703179023,1,2,15705,8415,,,,,,,FR,1000,UnknownHS,,0,0,0,,0,0,0,,CO,FR,1,1,
12608672,D,140265,7703002721,1,2,15705,8415,,,,,,,IT,1000,UnknownHS,,0,0,0,,0,0,0,,CO,FR,1,1,
12608673,D,140265,7703620057,1,2,15705,8415,,,,,,,FR,1000,UnknownHS,,0,0,0,,0,0,0,,CO,FR,1,1,
12608674,D,140265,7703027475,1,2,15705,8415,,,,,,,ES,1000,UnknownHS,,0,0,0,,0,0,0,,CO,FR,1,1,
12608675,D,140265,7700427640,1,2,15705,8415,,,,,,,EU,1000,UnknownHS,,0,0,0,,0,0,0,,CO,FR,1,1,
12608676,D,140265,7703102031,1,2,15705,8415,,,,,,,IT,1000,UnknownHS,,0,0,0,,0,0,0,,CO,FR,1,1,
12608677,D,140265,165319773R,1,2,15705,8415,,,,,,,XX,1000,UnknownHS,,0,0,0,,0,0,0,,CO,FR,1,1,
12608678,D,140265,7703043125,1,2,15705,8415,,,,,,,FR,1000,UnknownHS,,0,0,0,,0,0,0,,CO,FR,1,1,
12608679,D,140265,7703179099,1,2,15705,8415,,,,,,,DE,1000,UnknownHS,,0,0,0,,0,0,0,,CO,FR,1,1,
12608680,D,140265,7703034268,1,2,15705,8415,,,,,,,DE,1000,UnknownHS,,0,0,0,,0,0,0,,CO,FR,1,1,
12608681,D,140265,7703074680,1,2,15705,8415,,,,,,,XX,1000,UnknownHS,,0,0,0,,0,0,0,,CO,FR,1,1,
12608682,D,140265,7703602329,1,2,15705,8415,,,,,,,FR,1000,UnknownHS,,0,0,0,,0,0,0,,CO,FR,1,1,
12608683,D,140265,7703179061,1,2,15705,8415,,,,,,,XX,1000,UnknownHS,,0,0,0,,0,0,0,,CO,FR,1,1,
12608684,D,140265,7703079195,1,2,15705,8415,,,,,,,XX,1000,UnknownHS,,0,0,0,,0,0,0,,CO,FR,1,1,
12608685,D,140265,7703026064,1,2,15705,8415,,,,,,,FR,1000,UnknownHS,,0,0,0,,0,0,0,,CO,FR,1,1,
12608686,D,140265,7703034215,1,2,15705,8415,,,,,,,DE,1000,UnknownHS,,0,0,0,,0,0,0,,CO,FR,1,1,
12608687,D,140265,7703081239,1,2,15705,8415,,,,,,,XX,1000,UnknownHS,,0,0,0,,0,0,0,,CO,FR,1,1,
12608688,D,140265,7703079353,1,2,15705,8415,,,,,,,FR,1000,UnknownHS,,0,0,0,,0,0,0,,CO,FR,1,1,
12608689,D,140265,7703633008,1,2,15705,8415,,,,,,,FR,1000,UnknownHS,,0,0,0,,0,0,0,,CO,FR,1,1,
12608690,D,140265,7703041042,1,2,15705,8415,,,,,,,FR,1000,UnknownHS,,0,0,0,,0,0,0,,CO,FR,1,1,
12608691,D,140265,8200048938,1,2,15705,8415,,,,,,,FR,1000,UnknownHS,,0,0,0,,0,0,0,,CO,FR,1,1,
12608692,D,140265,7703602253,1,2,15705,8415,,,,,,,FR,1000,UnknownHS,,0,0,0,,0,0,0,,CO,FR,1,1,
12608693,D,140265,7703027523,1,2,15705,8415,,,,,,,ES,1000,UnknownHS,,0,0,0,,0,0,0,,CO,FR,1,1,
12608694,D,140265,7703179080,1,2,15705,8415,,,,,,,FR,1000,UnknownHS,,0,0,0,,0,0,0,,CO,FR,1,1,
12608695,D,140265,7703002750,1,2,15705,8415,,,,,,,IT,1000,UnknownHS,,0,0,0,,0,0,0,,CO,FR,1,1,
12608696,D,140265,8200721659,1,2,15705,8415,,,,,,,FR,1000,UnknownHS,,0,0,0,,0,0,0,,CO,FR,1,1,
12608697,D,140265,7703046146,1,2,15705,8415,,,,,,,FR,1000,UnknownHS,,0,0,0,,0,0,0,,CO,FR,1,1,
12608698,D,140265,8200771273,1,2,15705,8415,,,,,,,XX,1000,UnknownHS,,0,0,0,,0,0,0,,CO,FR,1,1,
12608699,D,140265,7703079944,1,2,15705,8415,,,,,,,DE,1000,UnknownHS,,0,0,0,,0,0,0,,CO,FR,1,1,
12608700,D,140265,8200835820,1,2,15705,8415,,,,,,,FR,1000,UnknownHS,,0,0,0,,0,0,0,,CO,FR,1,1,
12608701,D,140265,7703102090,1,2,15705,8415,,,,,,,IT,1000,UnknownHS,,0,0,0,,0,0,0,,CO,FR,1,1,
12608702,D,140265,7703033159,1,2,15705,8415,,,,,,,FR,1000,UnknownHS,,0,0,0,,0,0,0,,CO,FR,1,1,
12608703,D,140265,7703102024,1,2,15705,8415,,,,,,,FR,1000,UnknownHS,,0,0,0,,0,0,0,,CO,FR,1,1,
12608704,D,140265,769844437R,1,2,15705,8415,,,,,,,FR,1000,UnknownHS,,0,0,0,,0,0,0,,CO,FR,1,1,
12608705,D,140265,7703034278,1,2,15705,8415,,,,,,,XX,1000,UnknownHS,,0,0,0,,0,0,0,,CO,FR,1,1,
12608706,D,140265,7703034235,1,2,15705,8415,,,,,,,DE,1000,UnknownHS,,0,0,0,,0,0,0,,CO,FR,1,1,
12608707,D,140265,174292852R,1,2,15705,8415,,,,,,,DE,1000,UnknownHS,,0,0,0,,0,0,0,,CO,FR,1,1,
12608708,D,140265,7703602090,1,2,15705,8415,,,,,,,FR,1000,UnknownHS,,0,0,0,,0,0,0,,CO,FR,1,1,
12608709,D,140265,7703074689,1,2,15705,8415,,,,,,,FR,1000,UnknownHS,,0,0,0,,0,0,0,,CO,FR,1,1,
12608710,D,140265,8200649356,1,2,15705,8415,,,,,,,ES,1000,UnknownHS,,0,0,0,,0,0,0,,CO,FR,1,1,
12608711,D,140265,8200297334,1,2,15705,8415,,,,,,,EU,1000,UnknownHS,,0,0,0,,0,0,0,,CO,FR,1,1,
12608712,D,140265,7703079354,1,2,15705,8415,,,,,,,XX,1000,UnknownHS,,0,0,0,,0,0,0,,CO,FR,1,1,
12608713,D,140265,7703077090,1,2,15705,8415,,,,,,,XX,1000,UnknownHS,,0,0,0,,0,0,0,,CO,FR,1,1,
12608714,D,140265,7703033156,1,2,15705,8415,,,,,,,XX,1000,UnknownHS,,0,0,0,,0,0,0,,CO,FR,1,1,
12608715,D,140265,7703085037,1,2,15705,8415,,,,,,,XX,1000,UnknownHS,,0,0,0,,0,0,0,,CO,FR,1,1,
12608716,D,140265,7703035048,1,2,15705,8415,,,,,,,DE,1000,UnknownHS,,0,0,0,,0,0,0,,CO,FR,1,1,
12608717,D,140265,7703034265,1,2,15705,8415,,,,,,,ES,1000,UnknownHS,,0,0,0,,0,0,0,,CO,FR,1,1,
12608718,D,140265,7703079463,1,2,15705,8415,,,,,,,FR,1000,UnknownHS,,0,0,0,,0,0,0,,CO,FR,1,1,
12608719,D,140265,7703179007,1,2,15705,8415,,,,,,,XX,1000,UnknownHS,,0,0,0,,0,0,0,,CO,FR,1,1,
12608720,D,140265,7703102120,1,2,15705,8415,,,,,,,FR,1000,UnknownHS,,0,0,0,,0,0,0,,CO,FR,1,1,
12608721,D,140265,8200527319,1,2,15705,8415,,,,,,,SK,1000,UnknownHS,,0,0,0,,0,0,0,,CO,FR,1,1,
12608722,D,140265,7703034257,1,2,15705,8415,,,,,,,FR,1000,UnknownHS,,0,0,0,,0,0,0,,CO,FR,1,1,
12608723,D,140265,769849239R,1,2,15705,8415,,,,,,,XX,1000,UnknownHS,,0,0,0,,0,0,0,,CO,FR,1,1,
12608724,D,140265,7703081184,1,2,15705,8415,,,,,,,FR,1000,UnknownHS,,0,0,0,,0,0,0,,CO,FR,1,1,
12608725,D,140265,8200746509,1,2,15705,8415,,,,,,,CZ,1000,UnknownHS,,0,0,0,,0,0,0,,CO,FR,1,1,
12608726,D,140265,7705190144,1,2,15705,8415,,,,,,,DE,1000,UnknownHS,,0,0,0,,0,0,0,,CO,FR,1,1,
12608727,D,140265,7703083517,1,2,15705,8415,,,,,,,FR,1000,UnknownHS,,0,0,0,,0,0,0,,CO,FR,1,1,
12608728,D,140265,7703043098,1,2,15705,8415,,,,,,,FR,1000,UnknownHS,,0,0,0,,0,0,0,,CO,FR,1,1,
12608729,D,140265,7703602210,1,2,15705,8415,,,,,,,IT,1000,UnknownHS,,0,0,0,,0,0,0,,CO,FR,1,1,
12608730,D,140265,7703179103,1,2,15705,8415,,,,,,,FR,1000,UnknownHS,,0,0,0,,0,0,0,,CO,FR,1,1,
12608731,D,140265,8200252431,1,2,15705,8415,,,,,,,XX,1000,UnknownHS,,0,0,0,,0,0,0,,CO,FR,1,1,
12608732,D,140265,7703083469,1,2,15705,8415,,,,,,,DE,1000,UnknownHS,,0,0,0,,0,0,0,,CO,FR,1,1,
12608733,D,140265,7705096036,1,2,15705,8415,,,,,,,FR,1000,UnknownHS,,0,0,0,,0,0,0,,CO,FR,1,1,
12608734,D,140265,995140574R,1,2,15705,8415,,,,,,,XX,1000,UnknownHS,,0,0,0,,0,0,0,,CO,FR,1,1,
12608735,D,140265,7703081185,1,2,15705,8415,,,,,,,FR,1000,UnknownHS,,0,0,0,,0,0,0,,CO,FR,1,1,
12608736,D,140265,8200420641,1,2,15705,8415,,,,,,,FR,1000,UnknownHS,,0,0,0,,0,0,0,,CO,FR,1,1,
12608737,D,140265,7703101462,1,2,15705,8415,,,,,,,IT,1000,UnknownHS,,0,0,0,,0,0,0,,CO,FR,1,1,
12608738,D,140265,041000001R,1,2,15705,8415,,,,,,,ES,1000,UnknownHS,,0,0,0,,0,0,0,,CO,FR,1,1,
12608739,D,140265,7703074272,1,2,15705,8415,,,,,,,XX,1000,UnknownHS,,0,0,0,,0,0,0,,CO,FR,1,1,
12608740,D,140265,7703074332,1,2,15705,8415,,,,,,,FR,1000,UnknownHS,,0,0,0,,0,0,0,,CO,FR,1,1,
12608741,D,140265,7703179067,1,2,15705,8415,,,,,,,XX,1000,UnknownHS,,0,0,0,,0,0,0,,CO,FR,1,1,
12608755,D,140265,7700428581,1,2,15705,8415,,,,,,,FR,1000,UnknownHS,,0,0,0,,0,0,0,,CO,FR,1,1,
12608756,D,140265,990907855R,1,2,15705,8415,,,,,,,XX,1000,UnknownHS,,0,0,0,,0,0,0,,CO,FR,1,1,
12608757,D,140265,7703179047,1,2,15705,8415,,,,,,,XX,1000,UnknownHS,,0,0,0,,0,0,0,,CO,FR,1,1,
12608758,D,140265,7703079830,1,2,15705,8415,,,,,,,XX,1000,UnknownHS,,0,0,0,,0,0,0,,CO,FR,1,1,
12608759,D,140265,7703102071,1,2,15705,8415,,,,,,,FR,1000,UnknownHS,,0,0,0,,0,0,0,,CO,FR,1,1,
12608760,D,140265,244382477R,1,2,15705,8415,,,,,,,FR,1000,UnknownHS,,0,0,0,,0,0,0,,CO,FR,1,1,
12608761,D,140265,7703602235,1,2,15705,8415,,,,,,,IT,1000,UnknownHS,,0,0,0,,0,0,0,,CO,FR,1,1,
12608762,D,140265,7703102060,1,2,15705,8415,,,,,,,IT,1000,UnknownHS,,0,0,0,,0,0,0,,CO,FR,1,1,
12608763,D,140265,7703102083,1,2,15705,8415,,,,,,,FR,1000,UnknownHS,,0,0,0,,0,0,0,,CO,FR,1,1,
12608764,D,140265,7703034259,1,2,15705,8415,,,,,,,XX,1000,UnknownHS,,0,0,0,,0,0,0,,CO,FR,1,1,
12608765,D,140265,7703074647,1,2,15705,8415,,,,,,,XX,1000,UnknownHS,,0,0,0,,0,0,0,,CO,FR,1,1,
12608766,D,140265,7703079285,1,2,15705,8415,,,,,,,FR,1000,UnknownHS,,0,0,0,,0,0,0,,CO,FR,1,1,
12608767,D,140265,7703083470,1,2,15705,8415,,,,,,,XX,1000,UnknownHS,,0,0,0,,0,0,0,,CO,FR,1,1,
12608768,D,140265,7703081233,1,2,15705,8415,,,,,,,FR,1000,UnknownHS,,0,0,0,,0,0,0,,CO,FR,1,1,
12608769,D,140265,807916181R,1,2,15705,8415,,,,,,,FR,1000,UnknownHS,,0,0,0,,0,0,0,,CO,FR,1,1,
12608770,D,140265,7703074643,1,2,15705,8415,,,,,,,XX,1000,UnknownHS,,0,0,0,,0,0,0,,CO,FR,1,1,
12608771,D,140265,7703179041,1,2,15705,8415,,,,,,,DE,1000,UnknownHS,,0,0,0,,0,0,0,,CO,FR,1,1,
12608772,D,140265,7703179024,1,2,15705,8415,,,,,,,XX,1000,UnknownHS,,0,0,0,,0,0,0,,CO,FR,1,1,
12608775,D,140265,8200228590,1,2,15705,8415,,,,,,,XX,1000,UnknownHS,,0,0,0,,0,0,0,,CO,FR,1,1,
12608776,D,140265,8200520353,1,2,15705,8415,,,,,,,XX,1000,UnknownHS,,0,0,0,,0,0,0,,CO,FR,1,1,
12608777,D,140265,7703032158,1,2,15705,8415,,,,,,,XX,1000,UnknownHS,,0,0,0,,0,0,0,,CO,FR,1,1,
12608778,D,140265,7703602180,1,2,15705,8415,,,,,,,FR,1000,UnknownHS,,0,0,0,,0,0,0,,CO,FR,1,1,
12608779,D,140265,7703034248,1,2,15705,8415,,,,,,,XX,1000,UnknownHS,,0,0,0,,0,0,0,,CO,FR,1,1,
12608780,D,140265,7703079740,1,2,15705,8415,,,,,,,XX,1000,UnknownHS,,0,0,0,,0,0,0,,CO,FR,1,1,
12608781,D,140265,7703002772,1,2,15705,8415,,,,,,,IT,1000,UnknownHS,,0,0,0,,0,0,0,,CO,FR,1,1,
12608782,D,140265,8200704919,1,2,15705,8415,,,,,,,FR,1000,UnknownHS,,0,0,0,,0,0,0,,CO,FR,1,1,
12608783,D,140265,6040001505,1,2,15705,8415,,,,,,,GB,1000,UnknownHS,,0,0,0,,0,0,0,,CO,FR,1,1,
12608784,D,140265,242100029R,1,2,15705,8415,,,,,,,FR,1000,UnknownHS,,0,0,0,,0,0,0,,CO,FR,1,1,
12608785,D,140265,7703079254,1,2,15705,8415,,,,,,,FR,1000,UnknownHS,,0,0,0,,0,0,0,,CO,FR,1,1,
12608786,D,140265,7703083414,1,2,15705,8415,,,,,,,DE,1000,UnknownHS,,0,0,0,,0,0,0,,CO,FR,1,1,
12608787,D,140265,978182656R,1,2,15705,8415,,,,,,,EU,1000,UnknownHS,,0,0,0,,0,0,0,,CO,FR,1,1,
12608788,D,140265,7703179035,1,2,15705,8415,,,,,,,XX,1000,UnknownHS,,0,0,0,,0,0,0,,CO,FR,1,1,
12608789,D,140265,7703024050,1,2,15705,8415,,,,,,,FR,1000,UnknownHS,,0,0,0,,0,0,0,,CO,FR,1,1,
12608790,D,140265,7703101579,1,2,15705,8415,,,,,,,FR,1000,UnknownHS,,0,0,0,,0,0,0,,CO,FR,1,1,
12608791,D,140265,7703079857,1,2,15705,8415,,,,,,,DE,1000,UnknownHS,,0,0,0,,0,0,0,,CO,FR,1,1,
12608792,D,140265,7703085044,1,2,15705,8415,,,,,,,XX,1000,UnknownHS,,0,0,0,,0,0,0,,CO,FR,1,1,
12608793,D,140265,7703041034,1,2,15705,8415,,,,,,,FR,1000,UnknownHS,,0,0,0,,0,0,0,,CO,FR,1,1,
12608794,D,140265,684920647R,1,2,15705,8415,,,,,,,XX,1000,UnknownHS,,0,0,0,,0,0,0,,CO,FR,1,1,
12608795,D,140265,7700870056,1,2,15705,8415,,,,,,,FR,1000,UnknownHS,,0,0,0,,0,0,0,,CO,FR,1,1,
12608796,D,140265,7703074622,1,2,15705,8415,,,,,,,XX,1000,UnknownHS,,0,0,0,,0,0,0,,CO,FR,1,1,
12608797,D,140265,7703074607,1,2,15705,8415,,,,,,,XX,1000,UnknownHS,,0,0,0,,0,0,0,,CO,FR,1,1,
12608798,D,140265,7703602209,1,2,15705,8415,,,,,,,IT,1000,UnknownHS,,0,0,0,,0,0,0,,CO,FR,1,1,
12608799,D,140265,7700429418,1,2,15705,8415,,,,,,,EU,1000,UnknownHS,,0,0,0,,0,0,0,,CO,FR,1,1,
12608800,D,140265,7703033181,1,2,15705,8415,,,,,,,FR,1000,UnknownHS,,0,0,0,,0,0,0,,CO,FR,1,1,
12608801,D,140265,8200001918,1,2,15705,8415,,,,,,,XX,1000,UnknownHS,,0,0,0,,0,0,0,,CO,FR,1,1,
12608802,D,140265,7703077117,1,2,15705,8415,,,,,,,XX,1000,UnknownHS,,0,0,0,,0,0,0,,CO,FR,1,1,
12608803,D,140265,7703602321,1,2,15705,8415,,,,,,,IT,1000,UnknownHS,,0,0,0,,0,0,0,,CO,FR,1,1,
12608804,D,140265,7703097522,1,2,15705,8415,,,,,,,XX,1000,UnknownHS,,0,0,0,,0,0,0,,CO,FR,1,1,
12608805,D,140265,7703074646,1,2,15705,8415,,,,,,,XX,1000,UnknownHS,,0,0,0,,0,0,0,,CO,FR,1,1,
12608806,D,140265,7703034276,1,2,15705,8415,,,,,,,XX,1000,UnknownHS,,0,0,0,,0,0,0,,CO,FR,1,1,
12608773,D,140265,7703602322,1,2,15705,8415,,,,,,,IT,1000,UnknownHS,,0,0,0,,0,0,0,,CO,FR,1,1,
12608774,D,140265,8200727568,1,2,15705,8415,,,,,,,XX,1000,UnknownHS,,0,0,0,,0,0,0,,CO,FR,1,1,
12608807,D,140265,7703034281,1,2,15705,8415,,,,,,,IT,1000,UnknownHS,,0,0,0,,0,0,0,,CO,FR,1,1,
12608808,D,140265,7703083466,1,2,15705,8415,,,,,,,DE,1000,UnknownHS,,0,0,0,,0,0,0,,CO,FR,1,1,
12608809,D,140265,7703602233,1,2,15705,8415,,,,,,,IT,1000,UnknownHS,,0,0,0,,0,0,0,,CO,FR,1,1,
12608810,D,140265,7703034221,1,2,15705,8415,,,,,,,DE,1000,UnknownHS,,0,0,0,,0,0,0,,CO,FR,1,1,
12608811,D,140265,7703042110,1,2,15705,8415,,,,,,,XX,1000,UnknownHS,,0,0,0,,0,0,0,,CO,FR,1,1,
12608812,D,140265,7703602234,1,2,15705,8415,,,,,,,IT,1000,UnknownHS,,0,0,0,,0,0,0,,CO,FR,1,1,
12608813,D,140265,055000001R,1,2,15705,8415,,,,,,,XX,1000,UnknownHS,,0,0,0,,0,0,0,,CO,FR,1,1,
12608814,D,140265,7703074669,1,2,15705,8415,,,,,,,XX,1000,UnknownHS,,0,0,0,,0,0,0,,CO,FR,1,1,
12608815,D,140265,7703074685,1,2,15705,8415,,,,,,,FR,1000,UnknownHS,,0,0,0,,0,0,0,,CO,FR,1,1,
12608816,D,140265,7703034303,1,2,15705,8415,,,,,,,XX,1000,UnknownHS,,0,0,0,,0,0,0,,CO,FR,1,1,
12608817,D,140265,8200689100,1,2,15705,8415,,,,,,,FR,1000,UnknownHS,,0,0,0,,0,0,0,,CO,FR,1,1,
12608818,D,140265,7705008035,1,2,15705,8415,,,,,,,ES,1000,UnknownHS,,0,0,0,,0,0,0,,CO,FR,1,1,
12608819,D,140265,7703602216,1,2,15705,8415,,,,,,,IT,1000,UnknownHS,,0,0,0,,0,0,0,,CO,FR,1,1,
12608822,D,140265,7703079426,1,2,15705,8415,,,,,,,FR,1000,UnknownHS,,0,0,0,,0,0,0,,CO,FR,1,1,
12608824,D,140265,054000001R,1,2,15705,8415,,,,,,,XX,1000,UnknownHS,,0,0,0,,0,0,0,,CO,FR,1,1,
12608825,D,140265,7703079539,1,2,15705,8415,,,,,,,FR,1000,UnknownHS,,0,0,0,,0,0,0,,CO,FR,1,1,
12608826,D,140265,7703077266,1,2,15705,8415,,,,,,,FR,1000,UnknownHS,,0,0,0,,0,0,0,,CO,FR,1,1,
12608827,D,140265,7703101478,1,2,15705,8415,,,,,,,IT,1000,UnknownHS,,0,0,0,,0,0,0,,CO,FR,1,1,
12608828,D,140265,7703072424,1,2,15705,8415,,,,,,,FR,1000,UnknownHS,,0,0,0,,0,0,0,,CO,FR,1,1,
12608829,D,140265,7703033183,1,2,15705,8415,,,,,,,FR,1000,UnknownHS,,0,0,0,,0,0,0,,CO,FR,1,1,
12608830,D,140265,7703072251,1,2,15705,8415,,,,,,,DE,1000,UnknownHS,,0,0,0,,0,0,0,,CO,FR,1,1,
12608831,D,140265,7700847807,1,2,15705,8415,,,,,,,FR,1000,UnknownHS,,0,0,0,,0,0,0,,CO,FR,1,1,
12608832,D,140265,7703079360,1,2,15705,8415,,,,,,,FR,1000,UnknownHS,,0,0,0,,0,0,0,,CO,FR,1,1,
12608833,D,140265,7703081151,1,2,15705,8415,,,,,,,FR,1000,UnknownHS,,0,0,0,,0,0,0,,CO,FR,1,1,
12608834,D,140265,7703002006,1,2,15705,8415,,,,,,,FR,1000,UnknownHS,,0,0,0,,0,0,0,,CO,FR,1,1,
12608835,D,140265,7703602353,1,2,15705,8415,,,,,,,PL,1000,UnknownHS,,0,0,0,,0,0,0,,CO,FR,1,1,
12608836,D,140265,7703072423,1,2,15705,8415,,,,,,,GB,1000,UnknownHS,,0,0,0,,0,0,0,,CO,FR,1,1,
12608837,D,140265,7703074683,1,2,15705,8415,,,,,,,FR,1000,UnknownHS,,0,0,0,,0,0,0,,CO,FR,1,1,
12608838,D,140265,7703024047,1,2,15705,8415,,,,,,,FR,1000,UnknownHS,,0,0,0,,0,0,0,,CO,FR,1,1,
12608839,D,140265,7703079584,1,2,15705,8415,,,,,,,XX,1000,UnknownHS,,0,0,0,,0,0,0,,CO,FR,1,1,
12608840,D,140265,8200646065,1,2,15705,8415,,,,,,,FR,1000,UnknownHS,,0,0,0,,0,0,0,,CO,FR,1,1,
12608841,D,140265,7703079763,1,2,15705,8415,,,,,,,FR,1000,UnknownHS,,0,0,0,,0,0,0,,CO,FR,1,1,
12608842,D,140265,7705190408,1,2,15705,8415,,,,,,,DE,1000,UnknownHS,,0,0,0,,0,0,0,,CO,FR,1,1,
12608843,D,140265,7703003013,1,2,15705,8415,,,,,,,IT,1000,UnknownHS,,0,0,0,,0,0,0,,CO,FR,1,1,
12608844,D,140265,7703081225,1,2,15705,8415,,,,,,,FR,1000,UnknownHS,,0,0,0,,0,0,0,,CO,FR,1,1,
12608845,D,140265,7703074635,1,2,15705,8415,,,,,,,XX,1000,UnknownHS,,0,0,0,,0,0,0,,CO,FR,1,1,
12608846,D,140265,7705099093,1,2,15705,8415,,,,,,,XX,1000,UnknownHS,,0,0,0,,0,0,0,,CO,FR,1,1,
12608847,D,140265,253255192R,1,2,15705,8415,,,,,,,MT,1000,UnknownHS,,0,0,0,,0,0,0,,CO,FR,1,1,
12608848,D,140265,7703002820,1,2,15705,8415,,,,,,,IT,1000,UnknownHS,,0,0,0,,0,0,0,,CO,FR,1,1,
12608849,D,140265,7705005265,1,2,15705,8415,,,,,,,ES,1000,UnknownHS,,0,0,0,,0,0,0,,CO,FR,1,1,
12608850,D,140265,7703026060,1,2,15705,8415,,,,,,,PL,1000,UnknownHS,,0,0,0,,0,0,0,,CO,FR,1,1,
12608851,D,140265,8200201381,1,2,15705,8415,,,,,,,FR,1000,UnknownHS,,0,0,0,,0,0,0,,CO,FR,1,1,
12608852,D,140265,8200167448,1,2,15705,8415,,,,,,,DE,1000,UnknownHS,,0,0,0,,0,0,0,,CO,FR,1,1,
12608853,D,140265,748167100R,1,2,15705,8415,,,,,,,FR,1000,UnknownHS,,0,0,0,,0,0,0,,CO,FR,1,1,
12608854,D,140265,7703033163,1,2,15705,8415,,,,,,,FR,1000,UnknownHS,,0,0,0,,0,0,0,,CO,FR,1,1,
12608855,D,140265,7703074658,1,2,15705,8415,,,,,,,FR,1000,UnknownHS,,0,0,0,,0,0,0,,CO,FR,1,1,
12608856,D,140265,7703033145,1,2,15705,8415,,,,,,,FR,1000,UnknownHS,,0,0,0,,0,0,0,,CO,FR,1,1,
12608857,D,140265,7703602349,1,2,15705,8415,,,,,,,FR,1000,UnknownHS,,0,0,0,,0,0,0,,CO,FR,1,1,
12608858,D,140265,7703602352,1,2,15705,8415,,,,,,,ES,1000,UnknownHS,,0,0,0,,0,0,0,,CO,FR,1,1,
12608859,D,140265,7703083467,1,2,15705,8415,,,,,,,DE,1000,UnknownHS,,0,0,0,,0,0,0,,CO,FR,1,1,
12608860,D,140265,7703611016,1,2,15705,8415,,,,,,,DE,1000,UnknownHS,,0,0,0,,0,0,0,,CO,FR,1,1,
12608861,D,140265,7703074616,1,2,15705,8415,,,,,,,XX,1000,UnknownHS,,0,0,0,,0,0,0,,CO,FR,1,1,
12608862,D,140265,7703034274,1,2,15705,8415,,,,,,,XX,1000,UnknownHS,,0,0,0,,0,0,0,,CO,FR,1,1,
12608863,D,140265,7703034228,1,2,15705,8415,,,,,,,DE,1000,UnknownHS,,0,0,0,,0,0,0,,CO,FR,1,1,
12608864,D,140265,8200040642,1,2,15705,8415,,,,,,,XX,1000,UnknownHS,,0,0,0,,0,0,0,,CO,FR,1,1,
12608865,D,140265,7703034307,1,2,15705,8415,,,,,,,IT,1000,UnknownHS,,0,0,0,,0,0,0,,CO,FR,1,1,
12608866,D,140265,7703002892,1,2,15705,8415,,,,,,,IT,1000,UnknownHS,,0,0,0,,0,0,0,,CO,FR,1,1,
12608867,D,140265,7703002628,1,2,15705,8415,,,,,,,NL,1000,UnknownHS,,0,0,0,,0,0,0,,CO,FR,1,1,
12608820,D,140265,7703081227,1,2,15705,8415,,,,,,,FR,1000,UnknownHS,,0,0,0,,0,0,0,,CO,FR,1,1,
12608821,D,140265,7703042065,1,2,15705,8415,,,,,,,DE,1000,UnknownHS,,0,0,0,,0,0,0,,CO,FR,1,1,
12608868,D,140265,7703602271,1,2,15705,8415,,,,,,,NL,1000,UnknownHS,,0,0,0,,0,0,0,,CO,FR,1,1,
12608869,D,140265,7703602336,1,2,15705,8415,,,,,,,IT,1000,UnknownHS,,0,0,0,,0,0,0,,CO,FR,1,1,
12608870,D,140265,8200686474,1,2,15705,8415,,,,,,,IT,1000,UnknownHS,,0,0,0,,0,0,0,,CO,FR,1,1,
12608871,D,140265,7703034260,1,2,15705,8415,,,,,,,DE,1000,UnknownHS,,0,0,0,,0,0,0,,CO,FR,1,1,
12608872,D,140265,7703024053,1,2,15705,8415,,,,,,,FR,1000,UnknownHS,,0,0,0,,0,0,0,,CO,FR,1,1,
12608873,D,140265,7703072050,1,2,15705,8415,,,,,,,DE,1000,UnknownHS,,0,0,0,,0,0,0,,CO,FR,1,1,
12608874,D,140265,8200087131,1,2,15705,8415,,,,,,,XX,1000,UnknownHS,,0,0,0,,0,0,0,,CO,FR,1,1,
12608875,D,140265,809601032R,1,2,15793,8415,,,,,fr,,XX,1000,UnknownHS,,0,0,0,,0,0,0,,CO,FR,1,1,
12608876,D,140265,7703179032,1,2,15705,8415,,,,,,,XX,1000,UnknownHS,,0,0,0,,0,0,0,,CO,FR,1,1,
12608877,D,140265,7703179006,1,2,15705,8415,,,,,,,FR,1000,UnknownHS,,0,0,0,,0,0,0,,CO,FR,1,1,
12608878,D,140265,7703034230,1,2,15705,8415,,,,,,,DE,1000,UnknownHS,,0,0,0,,0,0,0,,CO,FR,1,1,
12608879,D,140265,7703602187,1,2,15705,8415,,,,,,,FR,1000,UnknownHS,,0,0,0,,0,0,0,,CO,FR,1,1,
12608880,D,140265,8200214314,1,2,15705,8415,,,,,,,FR,1000,UnknownHS,,0,0,0,,0,0,0,,CO,FR,1,1,
12608881,D,140265,8200070652,1,2,15705,8415,,,,,,,FR,1000,UnknownHS,,0,0,0,,0,0,0,,CO,FR,1,1,
12608882,D,140265,7703002809,1,2,15705,8415,,,,,,,IT,1000,UnknownHS,,0,0,0,,0,0,0,,CO,FR,1,1,
12608883,D,140265,7703074316,1,2,15705,8415,,,,,,,XX,1000,UnknownHS,,0,0,0,,0,0,0,,CO,FR,1,1,
12608884,D,140265,7703179085,1,2,15705,8415,,,,,,,XX,1000,UnknownHS,,0,0,0,,0,0,0,,CO,FR,1,1,
12608885,D,140265,7703602242,1,2,15705,8415,,,,,,,FR,1000,UnknownHS,,0,0,0,,0,0,0,,CO,FR,1,1,
12608886,D,140265,7703027522,1,2,15705,8415,,,,,,,ES,1000,UnknownHS,,0,0,0,,0,0,0,,CO,FR,1,1,
12608887,D,140265,7703002754,1,2,15705,8415,,,,,,,IT,1000,UnknownHS,,0,0,0,,0,0,0,,CO,FR,1,1,
12608888,D,140265,7703602226,1,2,15705,8415,,,,,,,IT,1000,UnknownHS,,0,0,0,,0,0,0,,CO,FR,1,1,
12608889,D,140265,7703101630,1,2,15705,8415,,,,,,,IT,1000,UnknownHS,,0,0,0,,0,0,0,,CO,FR,1,1,
12608890,D,140265,7703075180,1,2,15705,8415,,,,,,,ES,1000,UnknownHS,,0,0,0,,0,0,0,,CO,FR,1,1,
12608891,D,140265,7703074522,1,2,15705,8415,,,,,,,XX,1000,UnknownHS,,0,0,0,,0,0,0,,CO,FR,1,1,
12608892,D,140265,7703074604,1,2,15705,8415,,,,,,,XX,1000,UnknownHS,,0,0,0,,0,0,0,,CO,FR,1,1,
12608893,D,140265,7703097516,1,2,15705,8415,,,,,,,XX,1000,UnknownHS,,0,0,0,,0,0,0,,CO,FR,1,1,
12608894,D,140265,440932738R,1,2,15705,8415,,,,,,,DE,1000,UnknownHS,,0,0,0,,0,0,0,,CO,FR,1,1,
12608895,D,140265,7703602230,1,2,15705,8415,,,,,,,IT,1000,UnknownHS,,0,0,0,,0,0,0,,CO,FR,1,1,
12608896,D,140265,7703101447,1,2,15705,8415,,,,,,,FR,1000,UnknownHS,,0,0,0,,0,0,0,,CO,FR,1,1,
12608897,D,140265,7700778475,1,2,15705,8415,,,,,,,FR,1000,UnknownHS,,0,0,0,,0,0,0,,CO,FR,1,1,
12608898,D,140265,7703034225,1,2,15705,8415,,,,,,,FR,1000,UnknownHS,,0,0,0,,0,0,0,,CO,FR,1,1,
12608899,D,140265,7703102021,1,2,15705,8415,,,,,,,FR,1000,UnknownHS,,0,0,0,,0,0,0,,CO,FR,1,1,
12608900,D,140265,397524872R,1,2,15705,8415,,,,,,,FR,1000,UnknownHS,,0,0,0,,0,0,0,,CO,FR,1,1,
12608901,D,140265,8200739544,1,2,15705,8415,,,,,,,DE,1000,UnknownHS,,0,0,0,,0,0,0,,CO,FR,1,1,
12608902,D,140265,7705042106,1,2,15705,8415,,,,,,,EU,1000,UnknownHS,,0,0,0,,0,0,0,,CO,FR,1,1,
12608903,D,140265,7703057078,1,2,15705,8415,,,,,,,FR,1000,UnknownHS,,0,0,0,,0,0,0,,CO,FR,1,1,
12608904,D,140265,7703079373,1,2,15705,8415,,,,,,,FR,1000,UnknownHS,,0,0,0,,0,0,0,,CO,FR,1,1,
12608905,D,140265,7703101553,1,2,15705,8415,,,,,,,FR,1000,UnknownHS,,0,0,0,,0,0,0,,CO,FR,1,1,
12608906,D,140265,809616873R,1,2,15793,8415,,,,,fr,,XX,1000,UnknownHS,,0,0,0,,0,0,0,,CO,FR,1,1,
12608907,D,140265,7705005289,1,2,15705,8415,,,,,,,ES,1000,UnknownHS,,0,0,0,,0,0,0,,CO,FR,1,1,
12608908,D,140265,8200620426,1,2,15705,8415,,,,,,,DE,1000,UnknownHS,,0,0,0,,0,0,0,,CO,FR,1,1,
12608909,D,140265,7703035052,1,2,15705,8415,,,,,,,FR,1000,UnknownHS,,0,0,0,,0,0,0,,CO,FR,1,1,
12608910,D,140265,7703079256,1,2,15705,8415,,,,,,,FR,1000,UnknownHS,,0,0,0,,0,0,0,,CO,FR,1,1,
12608911,D,140265,7703083337,1,2,15705,8415,,,,,,,FR,1000,UnknownHS,,0,0,0,,0,0,0,,CO,FR,1,1,
12608912,D,140265,7703034308,1,2,15705,8415,,,,,,,DE,1000,UnknownHS,,0,0,0,,0,0,0,,CO,FR,1,1,
12608913,D,140265,8200077979,1,2,15705,8415,,,,,,,XX,1000,UnknownHS,,0,0,0,,0,0,0,,CO,FR,1,1,
12608914,D,140265,7703101567,1,2,15705,8415,,,,,,,IT,1000,UnknownHS,,0,0,0,,0,0,0,,CO,FR,1,1,
12608915,D,140265,985906268R,1,2,15705,8415,,,,,,,EU,1000,UnknownHS,,0,0,0,,0,0,0,,CO,FR,1,1,
12608916,D,140265,7703074601,1,2,15705,8415,,,,,,,XX,1000,UnknownHS,,0,0,0,,0,0,0,,CO,FR,1,1,
12608917,D,140265,7703179033,1,2,15705,8415,,,,,,,XX,1000,UnknownHS,,0,0,0,,0,0,0,,CO,FR,1,1,
12608918,D,140265,7703101617,1,2,15705,8415,,,,,,,IT,1000,UnknownHS,,0,0,0,,0,0,0,,CO,FR,1,1,
12608919,D,140265,7703179025,1,2,15705,8415,,,,,,,FR,1000,UnknownHS,,0,0,0,,0,0,0,,CO,FR,1,1,
12608920,D,140265,7703179060,1,2,15705,8415,,,,,,,FR,1000,UnknownHS,,0,0,0,,0,0,0,,CO,FR,1,1,
12608921,D,140265,7703074662,1,2,15705,8415,,,,,,,XX,1000,UnknownHS,,0,0,0,,0,0,0,,CO,FR,1,1,
12608922,D,140265,7703020063,1,2,15705,8415,,,,,,,XX,1000,UnknownHS,,0,0,0,,0,0,0,,CO,FR,1,1,
12608923,D,140265,7703077469,1,2,15705,8415,,,,,,,XX,1000,UnknownHS,,0,0,0,,0,0,0,,CO,FR,1,1,
12608924,D,140265,7703102041,1,2,15705,8415,,,,,,,IT,1000,UnknownHS,,0,0,0,,0,0,0,,CO,FR,1,1,
12608925,D,140265,7703002946,1,2,15705,8415,,,,,,,IT,1000,UnknownHS,,0,0,0,,0,0,0,,CO,FR,1,1,
12608926,D,140265,277200005R,1,2,15705,8415,,,,,,,XX,1000,UnknownHS,,0,0,0,,0,0,0,,CO,FR,1,1,
12608927,D,140265,7703034256,1,2,15705,8415,,,,,,,XX,1000,UnknownHS,,0,0,0,,0,0,0,,CO,FR,1,1,
12608928,D,140265,7703602192,1,2,15705,8415,,,,,,,FR,1000,UnknownHS,,0,0,0,,0,0,0,,CO,FR,1,1,
12608929,D,140265,7703034266,1,2,15705,8415,,,,,,,DE,1000,UnknownHS,,0,0,0,,0,0,0,,CO,FR,1,1,
12608930,D,140265,7703033165,1,2,15705,8415,,,,,,,FR,1000,UnknownHS,,0,0,0,,0,0,0,,CO,FR,1,1,
12608931,D,140265,8200246354,1,2,15705,8415,,,,,,,FR,1000,UnknownHS,,0,0,0,,0,0,0,,CO,FR,1,1,
12403005,D,135488,850108952S,1,1,50905,46878,,,,,,,,1000,,,0,0,1,0,1,0,0,,DZ,RU,1,1,
12403006,D,135488,620100592X,1,1,50905,46878,,,,,,,,1000,,,0,0,1,0,1,0,0,,DZ,RU,1,1,
12608932,D,140265,8200028774,1,2,15705,8415,,,,,,,EU,1000,UnknownHS,,0,0,0,,0,0,0,,CO,FR,1,1,
12608933,D,140265,7703033171,1,2,15705,8415,,,,,,,FR,1000,UnknownHS,,0,0,0,,0,0,0,,CO,FR,1,1,
12608934,D,140265,7703602263,1,2,15705,8415,,,,,,,IT,1000,UnknownHS,,0,0,0,,0,0,0,,CO,FR,1,1,
12608935,D,140265,8200497904,1,2,15705,8415,,,,,,,XX,1000,UnknownHS,,0,0,0,,0,0,0,,CO,FR,1,1,
12608936,D,140265,8200224952,1,2,15705,8415,,,,,,,ES,1000,UnknownHS,,0,0,0,,0,0,0,,CO,FR,1,1,
12608937,D,140265,8200030251,1,2,15705,8415,,,,,,,DE,1000,UnknownHS,,0,0,0,,0,0,0,,CO,FR,1,1,
12608938,D,140265,7703002755,1,2,15705,8415,,,,,,,IT,1000,UnknownHS,,0,0,0,,0,0,0,,CO,FR,1,1,
12608939,D,140265,7703602238,1,2,15705,8415,,,,,,,IT,1000,UnknownHS,,0,0,0,,0,0,0,,CO,FR,1,1,
12608940,D,140265,7703033206,1,2,15705,8415,,,,,,,IT,1000,UnknownHS,,0,0,0,,0,0,0,,CO,FR,1,1,
12608941,D,140265,544599Y30B,1,2,15705,8415,,,,,,,XX,1000,UnknownHS,,0,0,0,,0,0,0,,CO,FR,1,1,
12608942,D,140265,7703081056,1,2,15705,8415,,,,,,,DE,1000,UnknownHS,,0,0,0,,0,0,0,,CO,FR,1,1,
12608943,D,140265,7703079631,1,2,15705,8415,,,,,,,XX,1000,UnknownHS,,0,0,0,,0,0,0,,CO,FR,1,1,
12608944,D,140265,7703083471,1,2,15705,8415,,,,,,,DE,1000,UnknownHS,,0,0,0,,0,0,0,,CO,FR,1,1,
12608945,D,140265,8200205619,1,2,15705,8415,,,,,,,XX,1000,UnknownHS,,0,0,0,,0,0,0,,CO,FR,1,1,
12608946,D,140265,058000001R,1,2,15705,8415,,,,,,,FR,1000,UnknownHS,,0,0,0,,0,0,0,,CO,FR,1,1,
12608947,D,140265,397880391R,1,2,15705,8415,,,,,,,XX,1000,UnknownHS,,0,0,0,,0,0,0,,CO,FR,1,1,
12608948,D,140265,964000659R,1,2,15705,8415,,,,,,,XX,1000,UnknownHS,,0,0,0,,0,0,0,,CO,FR,1,1,
12608949,D,140265,7703602237,1,2,15705,8415,,,,,,,IT,1000,UnknownHS,,0,0,0,,0,0,0,,CO,FR,1,1,
12608950,D,140265,7703002836,1,2,15705,8415,,,,,,,FR,1000,UnknownHS,,0,0,0,,0,0,0,,CO,FR,1,1,
12608951,D,140265,7703602282,1,2,15705,8415,,,,,,,IT,1000,UnknownHS,,0,0,0,,0,0,0,,CO,FR,1,1,
12608952,D,140265,7703002929,1,2,15705,8415,,,,,,,IT,1000,UnknownHS,,0,0,0,,0,0,0,,CO,FR,1,1,
12608953,D,140265,7703033133,1,2,15705,8415,,,,,,,XX,1000,UnknownHS,,0,0,0,,0,0,0,,CO,FR,1,1,
12608954,D,140265,8200730770,1,2,15705,8415,,,,,,,FR,1000,UnknownHS,,0,0,0,,0,0,0,,CO,FR,1,1,
12608955,D,140265,7703002940,1,2,15705,8415,,,,,,,IT,1000,UnknownHS,,0,0,0,,0,0,0,,CO,FR,1,1,
12608956,D,140265,8200686482,1,2,15705,8415,,,,,,,FR,1000,UnknownHS,,0,0,0,,0,0,0,,CO,FR,1,1,
12608957,D,140265,7703602248,1,2,15705,8415,,,,,,,FR,1000,UnknownHS,,0,0,0,,0,0,0,,CO,FR,1,1,
12608958,D,140265,7703002942,1,2,15705,8415,,,,,,,IT,1000,UnknownHS,,0,0,0,,0,0,0,,CO,FR,1,1,
12608959,D,140265,7703079259,1,2,15705,8415,,,,,,,FR,1000,UnknownHS,,0,0,0,,0,0,0,,CO,FR,1,1,
12608960,D,140265,7703080122,1,2,15705,8415,,,,,,,ES,1000,UnknownHS,,0,0,0,,0,0,0,,CO,FR,1,1,
12608961,D,140265,7703072361,1,2,15705,8415,,,,,,,FR,1000,UnknownHS,,0,0,0,,0,0,0,,CO,FR,1,1,
12608962,D,140265,7703033153,1,2,15705,8415,,,,,,,FR,1000,UnknownHS,,0,0,0,,0,0,0,,CO,FR,1,1,
12608963,D,140265,253206170R,1,2,15705,8415,,,,,,,MT,1000,UnknownHS,,0,0,0,,0,0,0,,CO,FR,1,1,
12608964,D,140265,7703083472,1,2,15705,8415,,,,,,,DE,1000,UnknownHS,,0,0,0,,0,0,0,,CO,FR,1,1,
12608965,D,140265,7703046149,1,2,15705,8415,,,,,,,FR,1000,UnknownHS,,0,0,0,,0,0,0,,CO,FR,1,1,
12608966,D,140265,7703074649,1,2,15705,8415,,,,,,,FR,1000,UnknownHS,,0,0,0,,0,0,0,,CO,FR,1,1,
12608967,D,140265,7703179036,1,2,15705,8415,,,,,,,FR,1000,UnknownHS,,0,0,0,,0,0,0,,CO,FR,1,1,
12608968,D,140265,7700812369,1,2,15705,8415,,,,,,,CZ,1000,UnknownHS,,0,0,0,,0,0,0,,CO,FR,1,1,
12608969,D,140265,7703002945,1,2,15705,8415,,,,,,,IT,1000,UnknownHS,,0,0,0,,0,0,0,,CO,FR,1,1,
12608970,D,140265,7703602274,1,2,15705,8415,,,,,,,IT,1000,UnknownHS,,0,0,0,,0,0,0,,CO,FR,1,1,
12608971,D,140265,7703033174,1,2,15705,8415,,,,,,,FR,1000,UnknownHS,,0,0,0,,0,0,0,,CO,FR,1,1,
12608972,D,140265,8200651172,1,2,15705,8415,,,,,,,FR,1000,UnknownHS,,0,0,0,,0,0,0,,CO,FR,1,1,
12608973,D,140265,148677988R,1,2,15705,8415,,,,,,,FR,1000,UnknownHS,,0,0,0,,0,0,0,,CO,FR,1,1,
12608974,D,140265,7703002889,1,2,15705,8415,,,,,,,IT,1000,UnknownHS,,0,0,0,,0,0,0,,CO,FR,1,1,
12608975,D,140265,7703102072,1,2,15705,8415,,,,,,,ES,1000,UnknownHS,,0,0,0,,0,0,0,,CO,FR,1,1,
12608976,D,140265,7700418335,1,2,15705,8415,,,,,,,XX,1000,UnknownHS,,0,0,0,,0,0,0,,CO,FR,1,1,
12608977,D,140265,8200706372,1,2,15705,8415,,,,,,,FR,1000,UnknownHS,,0,0,0,,0,0,0,,CO,FR,1,1,
12608978,D,140265,7703101550,1,2,15705,8415,,,,,,,FR,1000,UnknownHS,,0,0,0,,0,0,0,,CO,FR,1,1,
12608979,D,140265,7703074554,1,2,15705,8415,,,,,,,XX,1000,UnknownHS,,0,0,0,,0,0,0,,CO,FR,1,1,
12608980,D,140265,7703101631,1,2,15705,8415,,,,,,,IT,1000,UnknownHS,,0,0,0,,0,0,0,,CO,FR,1,1,
12608981,D,140265,7703074611,1,2,15705,8415,,,,,,,XX,1000,UnknownHS,,0,0,0,,0,0,0,,CO,FR,1,1,
12608982,D,140265,7703002813,1,2,15705,8415,,,,,,,IT,1000,UnknownHS,,0,0,0,,0,0,0,,CO,FR,1,1,
12466130,D,136804,214810854R,1,2,15793,16021,,,,,fr,,XX,1000,8414598099,,0,0,0,,0,0,0,,KR,FR,1,1,
12466131,D,136804,476603871R,1,2,15793,16021,,,,,fr,,XX,1000,UnknownHS,,0,0,0,,0,0,0,,KR,FR,1,1,
12466132,D,136804,217100014R,1,2,15793,16021,,,,,fr,,FR,1000,UnknownHS,,0,0,0,,0,0,0,,KR,FR,1,1,
12466133,D,136804,320101384R,1,2,15793,16021,,,,,fr,,DE,1000,UnknownHS,,0,0,0,,0,0,0,,KR,FR,1,1,
12466134,D,136804,391006384R,1,2,15793,16021,,,,,fr,,FR,1000,UnknownHS,,0,0,0,,0,0,0,,KR,FR,1,1,
12466135,D,136804,144634BD0A,1,2,15793,16021,,,,,fr,,DE,1000,UnknownHS,,0,0,0,,0,0,0,,KR,FR,1,1,
12466136,D,136804,320104276R,1,2,15793,16021,,,,,fr,,DE,1000,UnknownHS,,0,0,0,,0,0,0,,KR,FR,1,1,
12466137,D,136804,214000170R,1,2,15793,16021,,,,,fr,,PL,1000,UnknownHS,,0,0,0,,0,0,0,,KR,FR,1,1,
12466138,D,136804,550209179R,1,2,15793,16021,,,,,fr,,CZ,1000,7320208190,,0,0,0,,0,0,0,,KR,FR,1,1,
12466139,D,136804,208D04BD0A,1,2,15793,16021,,,,,fr,,FR,1000,UnknownHS,,0,0,0,,0,0,0,,KR,FR,1,1,
12466140,D,136804,430420004R,1,2,15793,16021,,,,,fr,,FR,1000,UnknownHS,,0,0,0,,0,0,0,,KR,FR,1,1,
12466141,D,136804,285F26474R,1,2,15793,16021,,,,,fr,,XX,1000,UnknownHS,,0,0,0,,0,0,0,,KR,FR,1,1,
12466142,D,136804,873116705R,1,2,15793,16021,,,,,fr,,XX,1000,UnknownHS,,0,0,0,,0,0,0,,KR,FR,1,1,
12466143,D,136804,540102503R,1,2,15793,16021,,,,,fr,,CZ,1000,7320208190,,0,0,0,,0,0,0,,KR,FR,1,1,
12466144,D,136804,164000637R,1,2,15793,16021,,,,,fr,,FR,1000,UnknownHS,,0,0,0,,0,0,0,,KR,FR,1,1,
12466145,D,136804,440103272R,1,2,15793,16021,,,,,fr,,FR,1000,UnknownHS,,0,0,0,,0,0,0,,KR,FR,1,1,
12466146,D,136804,208D04BD0B,1,2,15793,16021,,,,,fr,,FR,1000,UnknownHS,,0,0,0,,0,0,0,,KR,FR,1,1,
12466147,D,136804,272687096R,1,2,15793,16021,,,,,fr,,FR,1000,UnknownHS,,0,0,0,,0,0,0,,KR,FR,1,1,
12466148,D,136804,484006493R,1,2,15793,16021,,,,,fr,,XX,1000,8708943500,,0,0,0,,0,0,0,,KR,FR,1,1,
12466149,D,136804,170404BE1A,1,2,15793,16021,,,,,fr,,XX,1000,UnknownHS,,0,0,0,,0,0,0,,KR,FR,1,1,
12466150,D,136804,440003883R,1,2,15793,16021,,,,,fr,,FR,1000,UnknownHS,,0,0,0,,0,0,0,,KR,FR,1,1,
12466151,D,136804,165558300R,1,2,15793,16021,,,,,fr,,FR,1000,UnknownHS,,0,0,0,,0,0,0,,KR,FR,1,1,
12466152,D,136804,620363881R,1,2,15793,16021,,,,,fr,,FR,1000,8708109000,,0,0,0,,0,0,0,,KR,FR,1,1,
12466153,D,136804,260606722R,1,2,15793,16021,,,,,fr,,XX,1000,UnknownHS,,0,0,0,,0,0,0,,KR,FR,1,1,
12466096,D,136803,484006493R,1,2,15793,16021,,,,,fr,,XX,1000,8708943500,,0,0,0,,0,0,0,,KR,FR,1,1,
12466097,D,136803,625301229R,1,2,15793,16021,,,,,fr,,FR,1000,UnknownHS,,0,0,0,,0,0,0,,KR,FR,1,1,
12466098,D,136803,620363881R,1,2,15793,16021,,,,,fr,,FR,1000,8708109000,,0,0,0,,0,0,0,,KR,FR,1,1,
12466099,D,136803,260606722R,1,2,15793,16021,,,,,fr,,XX,1000,UnknownHS,,0,0,0,,0,0,0,,KR,FR,1,1,
12466100,D,136803,260100184R,1,2,15793,16021,,,,,fr,,XX,1000,UnknownHS,,0,0,0,,0,0,0,,KR,FR,1,1,
12466093,D,136798,100019772R,1,2,15793,16021,,,,,fr,,FR,1000,UnknownHS,,0,0,0,,0,0,0,,KR,FR,1,1,
12466095,D,136797,100019772R,1,2,15793,16021,,,,,fr,,FR,1000,UnknownHS,,0,0,0,,0,0,0,,KR,FR,1,1,
12466214,D,136812,165556458R,1,2,15793,16021,,,,,fr,,FR,1000,UnknownHS,,0,0,0,,0,0,0,,KR,FR,1,1,
12466215,D,136812,144609787R,1,2,15793,16021,,,,,fr,,FR,1000,UnknownHS,,0,0,0,,0,0,0,,KR,FR,1,1,
12466216,D,136812,214810854R,1,2,15793,16021,,,,,fr,,XX,1000,8414598099,,0,0,0,,0,0,0,,KR,FR,1,1,
12466217,D,136812,926004EB0A,1,2,15793,16021,,,,,fr,,DE,1000,UnknownHS,,0,0,0,,0,0,0,,KR,FR,1,1,
12466218,D,136812,149520160R,1,2,15793,16021,,,,,fr,,FR,1000,8302300000,,0,0,0,,0,0,0,,KR,FR,1,1,
12466219,D,136812,265557493R,1,2,15793,16021,,,,,fr,,XX,1000,UnknownHS,,0,0,0,,0,0,0,,KR,FR,1,1,
12466220,D,136812,465034BG4B,1,2,15793,16021,,,,,fr,,FR,1000,8708939000,,0,0,0,,0,0,0,,KR,FR,1,1,
12466221,D,136812,265552867R,1,2,15793,16021,,,,,fr,,XX,1000,UnknownHS,,0,0,0,,0,0,0,,KR,FR,1,1,
12466222,D,136812,265501301R,1,2,15793,16021,,,,,fr,,XX,1000,UnknownHS,,0,0,0,,0,0,0,,KR,FR,1,1,
12466223,D,136812,208D04BD0A,1,2,15793,16021,,,,,fr,,FR,1000,UnknownHS,,0,0,0,,0,0,0,,KR,FR,1,1,
12466224,D,136812,208D04BD0B,1,2,15793,16021,,,,,fr,,FR,1000,UnknownHS,,0,0,0,,0,0,0,,KR,FR,1,1,
12466225,D,136812,250604BE1A,1,2,15793,16021,,,,,fr,,XX,1000,UnknownHS,,0,0,0,,0,0,0,,KR,FR,1,1,
12466226,D,136812,484006493R,1,2,15793,16021,,,,,fr,,XX,1000,8708943500,,0,0,0,,0,0,0,,KR,FR,1,1,
12466227,D,136812,265554267R,1,2,15793,16021,,,,,fr,,XX,1000,UnknownHS,,0,0,0,,0,0,0,,KR,FR,1,1,
12466228,D,136812,170404BE1A,1,2,15793,16021,,,,,fr,,XX,1000,UnknownHS,,0,0,0,,0,0,0,,KR,FR,1,1,
12466229,D,136812,484000580R,1,2,15793,16021,,,,,fr,,XX,1000,8708943500,,0,0,0,,0,0,0,,KR,FR,1,1,
12466230,D,136812,172029557R,1,2,15793,16021,,,,,fr,,XX,1000,UnknownHS,,0,0,0,,0,0,0,,KR,FR,1,1,
12466231,D,136812,144604BD1B,1,2,15793,16021,,,,,fr,,XX,1000,UnknownHS,,0,0,0,,0,0,0,,KR,FR,1,1,
12466232,D,136812,260606722R,1,2,15793,16021,,,,,fr,,XX,1000,UnknownHS,,0,0,0,,0,0,0,,KR,FR,1,1,
12509898,D,137856,265557493R,1,2,15793,16021,,,,,fr,,XX,1000,UnknownHS,,0,0,0,,0,0,0,,KR,FR,1,1,
12509894,D,137856,214810854R,1,2,15793,16021,,,,,fr,,XX,1000,8414598099,,0,0,0,,0,0,0,,KR,FR,1,1,
12509895,D,137856,320101384R,1,2,15793,16021,,,,,fr,,DE,1000,UnknownHS,,0,0,0,,0,0,0,,KR,FR,1,1,
12509897,D,137856,244314EA0A,1,2,15793,16021,,,,,fr,,FR,1000,UnknownHS,,0,0,0,,0,0,0,,KR,FR,1,1,
12509901,D,137856,465034BG4B,1,2,15793,16021,,,,,fr,,FR,1000,8708939090,,0,0,0,,0,0,0,,KR,FR,1,1,
12509903,D,137856,320104276R,1,2,15793,16021,,,,,fr,,DE,1000,UnknownHS,,0,0,0,,0,0,0,,KR,FR,1,1,
12509904,D,137856,208D04BD0A,1,2,15793,16021,,,,,fr,,FR,1000,UnknownHS,,0,0,0,,0,0,0,,KR,FR,1,1,
12509905,D,137856,873116705R,1,2,15793,16021,,,,,fr,,XX,1000,UnknownHS,,0,0,0,,0,0,0,,KR,FR,1,1,
12509906,D,137856,265503924R,1,2,15793,16021,,,,,fr,,XX,1000,UnknownHS,,0,0,0,,0,0,0,,KR,FR,1,1,
12509908,D,137856,284B14565R,1,2,15793,16021,,,,,fr,,XX,1000,8537109199,,0,0,0,,0,0,0,,KR,FR,1,1,
12509910,D,137856,208D04BD0B,1,2,15793,16021,,,,,fr,,FR,1000,UnknownHS,,0,0,0,,0,0,0,,KR,FR,1,1,
12509912,D,137856,20817JG60A,1,2,15793,16021,,,,,fr,,FR,1000,UnknownHS,,0,0,0,,0,0,0,,KR,FR,1,1,
12509914,D,137856,250604BE1A,1,2,15793,16021,,,,,fr,,XX,1000,UnknownHS,,0,0,0,,0,0,0,,KR,FR,1,1,
12509916,D,137856,873352990R,1,2,15793,16021,,,,,fr,,XX,1000,UnknownHS,,0,0,0,,0,0,0,,KR,FR,1,1,
12509918,D,137856,484006493R,1,2,15793,16021,,,,,fr,,XX,1000,8708943500,,0,0,0,,0,0,0,,KR,FR,1,1,
12509920,D,137856,169108688R,1,2,15793,16021,,,,,fr,,XX,1000,UnknownHS,,0,0,0,,0,0,0,,KR,FR,1,1,
12509922,D,137856,170404BE1A,1,2,15793,16021,,,,,fr,,XX,1000,UnknownHS,,0,0,0,,0,0,0,,KR,FR,1,1,
12509924,D,137856,172027799R,1,2,15793,16021,,,,,fr,,XX,1000,8413308090,,0,0,0,,0,0,0,,KR,FR,1,1,
12509926,D,137856,261509314R,1,2,15793,16021,,,,,fr,,BE,1000,UnknownHS,,0,0,0,,0,0,0,,KR,FR,1,1,
12509927,D,137856,144604BD1B,1,2,15793,16021,,,,,fr,,XX,1000,UnknownHS,,0,0,0,,0,0,0,,KR,FR,1,1,
12509928,D,137856,620363881R,1,2,15793,16021,,,,,fr,,FR,1000,8708109000,,0,0,0,,0,0,0,,KR,FR,1,1,
12510046,D,137861,924877556R,1,2,15793,16021,,,,,fr,,XX,1000,UnknownHS,,0,0,0,,0,0,0,,KR,FR,1,1,
12510047,D,137861,8200011650,1,2,15793,16021,,,,,fr,,IT,1000,UnknownHS,,0,0,0,,0,0,0,,KR,FR,1,1,
12510048,D,137861,295H08568R,1,2,15793,16021,,,,,fr,,FR,1000,8544429090,,0,0,0,,0,0,0,,KR,FR,1,1,
12510049,D,137861,440103272R,1,2,15793,16021,,,,,fr,,FR,1000,UnknownHS,,0,0,0,,0,0,0,,KR,FR,1,1,
12510050,D,137861,484006493R,1,2,15793,16021,,,,,fr,,XX,1000,8708943500,,0,0,0,,0,0,0,,KR,FR,1,1,
12510051,D,137861,768522379R,1,2,15793,16021,,,,,fr,,XX,1000,UnknownHS,,0,0,0,,0,0,0,,KR,FR,1,1,
12510052,D,137861,8200163892,1,2,15793,16021,,,,,fr,,FR,1000,8512909000,,0,0,0,,0,0,0,,KR,FR,1,1,
12510053,D,137861,8200666173,1,2,15793,16021,,,,,fr,,XX,1000,UnknownHS,,0,0,0,,0,0,0,,KR,FR,1,1,
12510054,D,137861,290E47110R,1,2,15793,16021,,,,,fr,,FR,1000,8544429090,,0,0,0,,0,0,0,,KR,FR,1,1,
12510055,D,137861,284B10002R,1,2,15793,16021,,,,,fr,,FR,1000,UnknownHS,,0,0,0,,0,0,0,,KR,FR,1,1,
12510056,D,137861,8200048024,1,2,15793,16021,,,,,fr,,FR,1000,8708919990,,0,0,0,,0,0,0,,KR,FR,1,1,
12510057,D,137861,215060008R,1,2,15793,16021,,,,,fr,,ES,1000,UnknownHS,,0,0,0,,0,0,0,,KR,FR,1,1,
12510058,D,137861,260550002R,1,2,15793,16021,,,,,fr,,XX,2100,UnknownHS,,0,0,0,,0,0,0,02,KR,FR,1,1,
12510059,D,137861,328656590R,1,2,15793,16021,,,,,fr,,FR,1000,UnknownHS,,0,0,0,,0,0,0,,KR,FR,1,1,
12510060,D,137861,748A39495R,1,2,15793,16021,,,,,fr,,FR,1000,UnknownHS,,0,0,0,,0,0,0,,KR,FR,1,1,
12510061,D,137861,739400011R,1,2,15793,16021,,,,,fr,,FR,1000,3926300090,,0,0,0,,0,0,0,,KR,FR,1,1,
12510062,D,137861,215030018R,1,2,15793,16021,,,,,fr,,PL,1000,4009310000,,0,0,0,,0,0,0,,KR,FR,1,1,
12510063,D,137861,226807131R,1,2,15793,16021,,,,,fr,,DE,1000,UnknownHS,,0,0,0,,0,0,0,,KR,FR,1,1,
12510064,D,137861,8200074365,1,2,15793,16021,,,,,fr,,FR,1000,8512200090,,0,0,0,,0,0,0,,KR,FR,1,1,
12510065,D,137861,8200480127,1,2,15793,16021,,,,,fr,,FR,1000,8512200000,,0,0,0,,0,0,0,,KR,FR,1,1,
12510066,D,137861,768528096R,1,2,15793,16021,,,,,fr,,XX,1000,UnknownHS,,0,0,0,,0,0,0,,KR,FR,1,1,
12510067,D,137861,283480002R,1,2,15793,16021,,,,,fr,,FR,1000,UnknownHS,,0,0,0,,0,0,0,,KR,FR,1,1,
12510068,D,137861,8200045668,1,2,15793,16021,,,,,fr,,DE,1000,UnknownHS,,0,0,0,,0,0,0,,KR,FR,1,1,
12510069,D,137861,217410022R,1,2,15793,16021,,,,,fr,,PL,1000,4009310000,,0,0,0,,0,0,0,,KR,FR,1,1,
12510070,D,137861,474019614R,1,2,15793,16021,,,,,fr,,SK,1000,UnknownHS,,0,0,0,,0,0,0,,KR,FR,1,1,
12510071,D,137861,8200292821,1,2,15793,16021,,,,,fr,,FR,1000,UnknownHS,,0,0,0,,0,0,0,,KR,FR,1,1,
12510072,D,137861,255500002R,1,2,15793,16021,,,,,fr,,XX,1000,UnknownHS,,0,0,0,,0,0,0,,KR,FR,1,1,
12510073,D,137861,244990001R,1,2,15793,16021,,,,,fr,,FR,1000,UnknownHS,,0,0,0,,0,0,0,,KR,FR,1,1,
12510074,D,137861,739410013R,1,2,15793,16021,,,,,fr,,FR,1000,3926300090,,0,0,0,,0,0,0,,KR,FR,1,1,
12510075,D,137861,8200003263,1,2,15793,16021,,,,,fr,,IT,1000,UnknownHS,,0,0,0,,0,0,0,,KR,FR,1,1,
12510076,D,137861,391011401R,1,2,15793,16021,,,,,fr,,FR,1000,8708509990,,0,0,0,,0,0,0,,KR,FR,1,1,
12510077,D,137861,440003883R,1,2,15793,16021,,,,,fr,,FR,1000,UnknownHS,,0,0,0,,0,0,0,,KR,FR,1,1,
12510078,D,137861,241371728R,1,2,15793,16021,,,,,fr,,FR,1000,UnknownHS,,0,0,0,,0,0,0,,KR,FR,1,1,
13591918,D,461614,823319007R,1,1,7597,15710,en,Renault,Renault,,en,,ES,1000,UnknownHS,,0,0,0,,0,0,0,,RU,FR,1,1,
13591924,D,461614,231A01097R,1,1,7597,15710,en,LEAR,NoTradeMark,,en,,ES,1000,UnknownHS,,0,0,0,,0,0,0,,RU,FR,1,1,
12389952,D,133017,CKD---HCT6,3,7,4244,8415,,,,,,,,,,,,,,,,,,,CO,RO,,,
12389953,D,133017,CAR-S*2992,3,7,4244,8415,,,,,,,,,,,,,,,,,,,CO,RO,,,
12389954,D,133017,CKD---HCTX,3,7,4244,8415,,,,,,,,,,,,,,,,,,,CO,RO,,,
12389955,D,133017,CKD---1HC5,3,7,4244,8415,,,,,,,,,,,,,,,,,,,CO,RO,,,
13591956,D,461614,803303195R,1,1,7597,15710,en,Renault,Renault,,en,,CN,1000,UnknownHS,,0,0,0,,0,0,0,,RU,FR,1,1,
13591961,D,461614,823307800R,1,1,7597,15710,en,Renault,Renault,,en,,ES,1000,UnknownHS,,0,0,0,,0,0,0,,RU,FR,1,1,
12390052,A,136054,RC4,3,7,58011,58014,,,,,,,,,,,,,,,,,,,RU,CN,,,
12390053,A,136054,RD1,3,7,58011,58014,,,,,,,,,,,,,,,,,,,RU,CN,,,
13591913,D,461614,823317997R,1,1,7597,15710,en,Renault,Renault,,en,,RO,1000,UnknownHS,,0,0,0,,0,0,0,,RU,FR,1,1,
12390054,A,136054,RPX,3,7,58011,58014,,,,,,,,,,,,,,,,,,,RU,CN,,,
12390217,A,136041,8200735456,1,1,4244,46379,en,,,,en,,EU,4000,Unknown HS,,0,0,0,,0,0,0,,IR,RO,1,1,
12390059,A,261198,CKD---1HC5,3,7,4244,15710,,,,,fr,,,1000,,,0,0,,,,1,1,,RU,RO,,,
13591914,D,461614,491803558R,1,1,7597,15710,en,Renault,Renault,,en,,FR,1000,UnknownHS,,0,0,0,,0,0,0,,RU,FR,1,1,
13591919,D,461614,821473317R,1,1,7597,15710,en,Renault,Renault,,en,,ES,1000,UnknownHS,,0,0,0,,0,0,0,,RU,FR,1,1,
13591929,D,461614,253B06203R,1,1,7597,15710,en,Renault,Renault,,en,,ES,1000,UnknownHS,,0,0,0,,0,0,0,,RU,FR,1,1,
13591954,D,461614,62890BR12A,1,1,7597,15710,en,Renault,Renault,,en,,ES,1000,UnknownHS,,0,0,0,,0,0,0,,RU,FR,1,1,
13591958,D,461614,402104229R,1,1,7597,15710,en,Renault,Renault,,en,,FR,1000,UnknownHS,,0,0,0,,0,0,0,,RU,FR,1,1,
13421630,D,456847,165558300R,1,1,47801,15811,,,,,,,FR,1000,UnknownHS,,0,0,0,,0,0,0,,TR,FR,1,1,
13421631,D,456847,165556458R,1,1,47801,15811,,,,,,,FR,1000,UnknownHS,,0,0,0,,0,0,0,,TR,FR,1,1,
13591920,D,461614,491329671R,1,1,7597,15710,en,Renault,Renault,,en,,FR,1000,UnknownHS,,0,0,0,,0,0,0,,RU,FR,1,1,
13591922,D,461614,821467161R,1,1,7597,15710,en,Renault,Renault,,en,,ES,1000,UnknownHS,,0,0,0,,0,0,0,,RU,FR,1,1,
13591931,D,461614,732421429R,1,1,7597,15710,en,Renault,Renault,,en,,ES,1000,UnknownHS,,0,0,0,,0,0,0,,RU,FR,1,1,
13591937,D,461614,732621166R,1,1,7597,15710,en,Renault,Renault,,en,,ES,1000,UnknownHS,,0,0,0,,0,0,0,,RU,FR,1,1,
13591939,D,461614,822160252R,1,1,7597,15710,en,Renault,Renault,,en,,ES,1000,UnknownHS,,0,0,0,,0,0,0,,RU,FR,1,1,
13591941,D,461614,828209435R,1,1,7597,15710,en,Renault,Renault,,en,,ES,1000,UnknownHS,,0,0,0,,0,0,0,,RU,FR,1,1,
13591945,D,461614,654002635R,1,1,7597,15710,en,Renault,Renault,,en,,ES,1000,UnknownHS,,0,0,0,,0,0,0,,RU,FR,1,1,
13591960,D,461614,654018586R,1,1,7597,15710,en,Renault,Renault,,en,,ES,1000,UnknownHS,,0,0,0,,0,0,0,,RU,FR,1,1,
13591976,D,461614,165757148R,1,1,7597,15710,en,Renault,Renault,,en,,ES,1000,UnknownHS,,0,0,0,,0,0,0,,RU,FR,1,1,
13421637,D,456847,217104048R,1,1,47801,15811,,,,,,,FR,1000,UnknownHS,,0,0,0,,0,0,0,,TR,FR,1,1,
13421629,D,456847,144606515R,1,1,47801,15811,,,,,,,XX,1000,UnknownHS,,0,0,0,,0,0,0,,TR,FR,1,1,
13421632,D,456847,215598406R,1,1,47801,15811,,,,,,,FR,1000,UnknownHS,,0,0,0,,0,0,0,,TR,FR,1,1,
13603243,A,461615,264300008R,1,1,7597,15710,en,Renault,Renault,???????????????????????????????????????????????,????????????????????????,ru,?????????????????????????????????????(???????),FR,4000,8512200001,,0,0,0,0,0,1,1,,RU,FR,1,1,
13591916,D,461614,264300007R,1,1,7597,15710,en,Renault,Renault,,en,,FR,1000,8512200090,,0,0,0,,0,0,0,,RU,FR,1,1,
13591935,D,461614,8200048024,1,1,7597,15710,en,Renault,Renault,,en,,FR,1000,UnknownHS,,0,0,0,,0,0,0,,RU,FR,1,1,
13591952,D,461614,7700846317,1,1,7597,15710,en,Renault,Renault,,en,,FR,1000,UnknownHS,,0,0,0,,0,0,0,,RU,FR,1,1,
13591966,D,461614,216448174R,1,1,7597,15710,en,Renault,Renault,,en,,FR,1000,UnknownHS,,0,0,0,,0,0,0,,RU,FR,1,1,
13421636,D,456847,460910590R,1,1,47801,15811,,,,,,,XX,1000,UnknownHS,,0,0,0,,0,0,0,,TR,FR,1,1,
12390718,A,261199,8200437265,1,1,4244,15710,en,EURO AUTO PLASTIC SYSTEMS,No TradeMark,?????? (???????) ?????????? ????????????????? ????????, ??????? ?????, ????. 20 ??, ? ?????. ????????????? ?????????? ????. 8.4?13 ?? ? ?????. ??????????????? ?? ????????? ? ?????? ?/?.,ru,?????? (???????),EU,4000,3926909709,,0,0,0,0,0,1,0,,RU,RO,1,1,
12390719,A,261199,164466039R,1,1,4244,15710,,,,,ru,,,4000,,,0,0,1,0,1,1,0,,RU,RO,1,1,
12390720,A,261199,462107211R,1,1,4244,15710,en,FLEXITECH ROUMANIA,No TradeMark,????? ????????? ?????? ?? ??????????????? ??????, ???????????? ?????????, ? ????? ? ?????????,  ?????? 282,5 ??.,ru,????????? ????? ?????? (??????, ???????????? ?????????, ? ?????????),EU,4000,4009420000,,0,0,0,0,0,1,0,,RU,RO,1,1,
12390721,A,261199,165001258R,1,1,4244,15710,,,,,ru,,,4000,,,0,0,1,0,1,1,0,,RU,RO,1,1,
12390722,A,261199,755256328R,1,1,4244,15710,,,,,ru,,,4000,,,0,0,1,0,1,1,0,,RU,RO,1,1,
12390723,A,261199,544118677R,1,1,4244,15710,en,SC GIC NOSAG METAL SRL,No TradeMark,????? ??????: ???????? ?????? ???????? ????? ??? ????????? ????????? ?????????? - C??????? ???????????? ?????? ?????? ?/? ? ???? ???????? ??????? ????????????? ????? ? ???????????????? ???????????, ??????? ?????????, ??????????? ??????. ???????? ??????? ? ?????? ????? ?????? ????????? ??????????.,ru,???????? ?????? ???????? ????? ??? ????????? ????????? ??????????,EU,4000,8708291000,,0,0,0,0,0,1,0,,RU,RO,1,1,
12390724,A,261199,254097170R,1,1,4244,15710,,,,,ru,,,4000,,,0,0,1,0,1,1,0,,RU,RO,1,1,
12390725,A,261199,8200876298,1,1,4244,15710,en,TRELLEBORG AUTOMOTIVE SRL,No TradeMark,????? ???????????? ??????.,??????.?????.?????? ????????.????? ? ????.???????.,? ?????.????????? ??????,???.??????? ??-??? ???????-??,????????.??? ????? ?????.?????,ru,????? ???????????? ?????????,EU,4000,8708802009,,0,0,0,0,0,1,0,,RU,RO,1,1,
12390726,A,261199,755537368R,1,1,4244,15710,,,,,ru,,,4000,,,0,0,1,0,1,1,0,,RU,RO,1,1,
12390727,A,261199,165780388R,1,1,4244,15710,,,,,ru,,,4000,,,0,0,1,0,1,1,0,,RU,RO,1,1,
12390728,A,261199,985100566R,1,1,4244,15710,,,,,ru,,,4000,,,0,0,1,0,1,1,0,,RU,RO,1,1,
12390729,A,261199,261500097R,1,1,4244,15710,en,VALEO LIGHTING INJECTION S.A,VALEO,???? ???????????????, ??????? ?????, ????????? ?? ??????????? ???????????? ?????? (?????) ? ???????????? ???????, ? ????? ? ??????????? ???????????, ? ???????? ? ???????????????, ? ??????????? ??????? ??????????????? ?????????, ? ????????? ??????????? ????????? ???????, ? ??????????? ?????????????? ??????, ?????? ???????????.,ru,???? ???????????????,EU,4000,8512200001,,0,0,0,0,0,1,0,,RU,RO,1,1,
12390730,A,261199,654517763R,1,1,4244,15710,en,,ENG ASSY-K4M 862,???????? ???????????? ?????? ?-???????? ????? ? ???????????????? ??????????? ? ??????? ?????????. ???????? ? ?????????? ?????????? ? ??????????? ????? ? ??????? ????????. ????????????? ??? ???????? ????? ????????? ?????? ???????? ?/? ? ??????????.,ru,????????? ????????? ????? ????????? ?????? ???????? ?/? ? ??????????,EU,4000,8708991000,,0,1,0,1,0,1,0,,RU,RO,1,1,
12390731,A,261199,871A25805R,1,1,4244,15710,,,,,ru,,,4000,,,0,0,1,0,1,1,0,,RU,RO,1,1,
12390732,A,261199,755241705R,1,1,4244,15710,,,,,ru,,,4000,,,0,0,1,0,1,1,0,,RU,RO,1,1,
12390733,A,261199,462102625R,1,1,4244,15710,,,,,ru,,,4000,,,0,0,1,0,1,1,0,,RU,RO,1,1,
12390734,A,261199,767628074R,1,1,4244,15710,en,DACIA,,????????? ????????? ???? ??????? ??????? ?????? ??? ???????????, ???????? ???????????? ?????? ??????? ?????, ??????????? ????? ???? ? ????? ????????? ??????? ???????????? ? ??????. ???????? ??????? ? ???? ? ?????? ??????? ??????? ?????? ??? ??????,ru,????????? ???? ??????? ??????? ?????? ??? ???????????,EU,4000,8708291000,,0,0,0,0,0,1,0,,RU,RO,1,1,
12390735,A,261199,908788227R,1,1,4244,15710,,,,,ru,,,4000,,,0,0,1,0,1,1,0,,RU,RO,1,1,
12390736,A,261199,829614598R,1,1,4244,15710,,,,,ru,,,4000,,,0,0,1,0,1,1,0,,RU,RO,1,1,
12390737,A,261199,751136699R,1,1,4244,15710,,,,,ru,,,4000,,,0,0,1,0,1,1,0,,RU,RO,1,1,
12390738,A,261199,908417943R,1,1,4244,15710,,,,,ru,,,4000,,,0,0,1,0,1,1,0,,RU,RO,1,1,
12390739,A,261199,759230240R,1,2,4244,50898,,,,,,,,4000,,,0,0,1,0,1,0,0,,RU,RO,1,1,
12390740,A,261199,631459981R,1,1,4244,15710,,,,,ru,,,4000,,,0,0,1,0,1,1,0,,RU,RO,1,1,
12390741,A,261199,903561431R,1,1,4244,15710,en,RONERA RUBBER PITESTI,No TradeMark,????????? ???????????? ??????? ?????? ? ???? ???????? ?? ??????? ??????????? ?????????????? ?????? (??????) ???????? 45,5?15?6 ??, ??????????????? ?? ????? ??????? ?????? ??? ??????????? ???????????? ???????,ru,????????? ???????????? ??????? ?????? (??????),EU,4000,4016930001,,0,0,0,0,0,1,0,,RU,RO,1,1,
12390742,A,261199,8200733140,1,1,4244,15710,en,HUTCHINSON SRL,No TradeMark,??????????? ?????? ????????? ?????? ????? ???????? ??????. ???????? ?? ??????????????? ?????????? ?????? ? ???? ??????? ??????? ????????????. ????? ?????????? ??????????? ?????????? ????? ? ??????? ?-???????? ????? ???????,ru,??????????? ?????? ????????? ?????? ????? ???????? ?????? (??????),EU,4000,4016930001,,0,0,0,0,0,1,0,,RU,RO,1,1,
12390743,A,261199,651418558R,1,2,4244,50898,,,,,,,,4000,,,0,0,1,0,1,0,0,,RU,RO,1,1,
12390744,A,261199,767156394R,1,1,4244,15710,,,,,ru,,,4000,,,0,0,1,0,1,1,0,,RU,RO,1,1,
12390745,A,261199,8200591978,1,1,4244,15710,en,PLASTOR,No TradeMark,?????????? ??????? ????????? ?????? ?????? ??????. ??????? ???????????? ?? ???????????. ????? ???????? ??? ?????????. ????????.? ????? ?????? ??????????,ru,?????????? ??????? ????????? ?????? ?/? ?????? ??????,EU,4000,8708991000,,0,1,0,1,0,1,0,,RU,RO,1,1,
12390746,A,261199,996943595R,1,1,4244,15710,,,,,ru,,,4000,,,0,0,1,0,1,1,0,,RU,RO,1,1,
12390747,A,261199,260928468R,1,2,4244,50898,,,,,,,,4000,,,0,0,1,0,1,0,0,,RU,RO,1,1,
12390748,A,261199,207512031R,1,1,4244,15710,en,RONERA RUBBER PITESTI,No TradeMark,????-???????????? ????? ?????? ?????????, ?? ???????????????, ??????????, ??????, ??? ?????????????????, ?????????????? ?????, ? ?????? ??????????? ??????. ??????????????? ?? ????????? ?????? ?/? ??? ????????? ??????? ?????? ????????? ? ???????? ?????????. ???????? 29,2?18,5 ??.,ru,????-???????????? ????? ?????? ????????? (??????),EU,4000,4016995701,,0,0,0,0,0,1,0,,RU,RO,1,1,
12390749,A,261199,743A08237R,1,1,4244,15710,,,,,ru,,,4000,,,0,0,1,0,1,1,0,,RU,RO,1,1,
12390750,A,261199,788320003R,1,1,4244,15710,en,DACIA MONTAGE,No TradeMark,??? ????????? ?????????? ????, ???????? ???????????? ???????, ??????? ????????????? ?????, ? ????????????? ?????? ? ??????? ?????????. ???????? ??????????? ????? (? ???????? ???????? ?? ??????) ?????????? ??????? ? ??????? ??????? ????? ?????? ?/? ? ?????? ?????? ?????? ?????? ????????.,ru,??? ????????? ?????????? ????,EU,4000,8708291000,,0,0,0,0,0,1,0,,RU,RO,1,1,
12390751,A,261199,462104950R,1,1,4244,15710,,,,,ru,,,4000,,,0,0,1,0,1,1,0,,RU,RO,1,1,
12390752,A,261199,281159146R,1,1,4244,15710,,,,,ru,,,4000,,,0,0,1,0,1,1,0,,RU,RO,1,1,
12390753,A,261199,601287680R,1,1,4244,15710,,,,,ru,,,4000,,,0,0,1,0,1,1,0,,RU,RO,1,1,
12390754,A,261199,631449661R,1,1,4244,15710,,,,,ru,,,4000,,,0,0,1,0,1,1,0,,RU,RO,1,1,
12390755,A,261199,745415297R,1,2,4244,50898,,,,,,,,4000,,,0,0,1,0,1,0,0,,RU,RO,1,1,
12390756,A,261199,756403069R,1,1,4244,15710,,,,,ru,,,4000,,,0,0,1,0,1,1,0,,RU,RO,1,1,
13591974,D,461614,803314772R,1,1,7597,15710,en,Renault,Renault,,en,,CN,1000,UnknownHS,,0,0,0,,0,0,0,,RU,FR,1,1,
13591978,D,461614,801469297R,1,1,7597,15710,en,Renault,Renault,,en,,RO,1000,UnknownHS,,0,0,0,,0,0,0,,RU,FR,1,1,
13591980,D,461614,264300008R,1,1,7597,15710,en,Renault,Renault,,en,,FR,1000,8512200090,,0,0,0,,0,0,0,,RU,FR,1,1,
13591912,D,461614,479452659R,1,1,7597,15710,en,BOSCHFRANC,NoTradeMark,,en,,FR,1000,UnknownHS,,0,0,0,,0,0,0,,RU,FR,1,1,
13591943,D,461614,804000016R,1,1,7597,15710,en,Renault,Renault,,en,,FR,1000,UnknownHS,,0,0,0,,0,0,0,,RU,FR,1,1,
13591948,D,461614,876037350R,1,1,7597,15710,en,Renault,Renault,,en,,RO,1000,UnknownHS,,0,0,0,,0,0,0,,RU,FR,1,1,
12390172,A,140176,CAR-S*2991,3,7,7597,15710,,,,,,,,,,,,,,,,,,,RU,FR,,,
12390173,A,140176,MFM---1271,3,7,7597,15710,,,,,,,,,,,,,,,,,,,RU,FR,,,
12390174,A,140176,CAR-G*09--,3,7,7597,15710,,,,,,,,,,,,,,,,,,,RU,FR,,,
12390757,A,261199,808204085R,1,1,4244,15710,en,HUTCHINSON SRL,No TradeMark,??????????? ??????? ????????? ?????? ????? ???????? ?????? ?/?. ???????? ?? ??????????????? ?????????? ?????? ? ???? ??????? ??????? ????????????. ????? ?????????? ??????????? ??????????? ?????? ? ??????? ?-???????? ????? ???????. ?????????? ????? 769 ??, ?????? 21,5 ??.,ru,??????????? ??????? ????????? ?????? ????? ???????? ?????? ?/?,EU,4000,4016930001,,0,0,0,0,0,1,0,,RU,RO,1,1,
12390758,A,261199,651404939R,1,2,4244,50898,,,,,,,,4000,,,0,0,1,0,1,0,0,,RU,RO,1,1,
12390759,A,261199,808944518R,1,1,4244,15710,en,VMCOMP,No TradeMark,?????? ???????????? ???? ???????? ?????? ???????? ? ?????? - ?????? ?? ?????????????????, ?????????, ?????????? ?????? (??????? - CR), ????????????????????, ? ???? ????????? ?????? ????????????? ????? ? ?????????? ????????????? ????? ??? ???????????? ???????? ? ?????? ??????, ??????????????? ? ??????????????? ????????? ??? ?????? ?? ???????????.,ru,?????? ???????????? ???? ???????? ?????? ???????? ? ?????? (??????),EU,4000,4016995701,,0,0,0,0,0,1,0,,RU,RO,1,1,
12390760,A,261199,762190857R,1,1,4244,15710,,,,,ru,,,4000,,,0,0,1,0,1,1,0,,RU,RO,1,1,
12390761,A,261199,554C24151R,1,1,4244,15710,,,,,ru,,,4000,,,0,0,1,0,1,1,0,,RU,RO,1,1,
12390762,A,261199,215014391R,1,1,4244,15710,,,,,ru,,,4000,,,0,0,1,0,1,1,0,,RU,RO,1,1,
12390763,A,261199,251638577R,1,1,4244,15710,,,,,ru,,,4000,,,0,0,1,0,1,1,0,,RU,RO,1,1,
12390764,A,261199,732389277R,1,1,4244,15710,en,FERRO DOKUM SAN. VE DIS. TIC,No TradeMark,,ru,,EU,4000,,,0,0,0,0,1,1,0,,RU,RO,1,1,
12390765,A,261199,552406238R,1,1,4244,15710,,,,????? ???? ?????? ?????????????? ?????? ? ????????????? ??????. ??????? ???????? ???????? ?/?, ???????, ??????? ??????????? ?????, ?? ??????????????? ??????, ? ??????????????? ?????????? ??? ????????? ????? ????????????. ??????????? ?? ??????? ???????????,ru,????? ???? ?????? ?????????????? ?????? ? ????????????? ??????,,4000,4016995701,,0,0,1,0,0,1,0,,RU,RO,1,1,
12390766,A,261199,391007158R,1,1,4244,15710,,,,,ru,,,4000,,,0,0,1,0,1,1,0,,RU,RO,1,1,
12390767,A,261199,112228880R,1,1,4244,15710,,,,,ru,,,4000,,,0,0,1,0,1,1,0,,RU,RO,1,1,
12390768,A,261199,904679207R,1,1,4244,15710,,,,,ru,,,4000,,,0,0,1,0,1,1,0,,RU,RO,1,1,
12390769,A,261199,745407877R,1,2,4244,50898,,,,,,,,4000,,,0,0,1,0,1,0,0,,RU,RO,1,1,
12390770,A,261199,383220705R,1,1,4244,15710,,,,,ru,,,4000,,,0,0,1,0,1,1,0,,RU,RO,1,1,
12390771,A,261199,260428302R,1,2,4244,50898,,,,,,,,4000,,,0,0,1,0,1,0,0,,RU,RO,1,1,
12390772,A,261199,888430069R,1,1,4244,15710,,,,,ru,,,4000,,,0,0,1,0,1,1,0,,RU,RO,1,1,
12390773,D,261198,CKD---HCT6,3,7,4244,15710,,,,,,,,,,,,,,,,,,,RU,RO,,,
12390774,D,261198,CAR-S*2991,3,7,4244,15710,,,,,,,,,,,,,,,,,,,RU,RO,,,
12390775,D,261198,CAR-G*09--,3,7,4244,15710,,,,,,,,,,,,,,,,,,,RU,RO,,,
12390776,D,261198,CAR-G*10--,3,7,4244,15710,,,,,,,,,,,,,,,,,,,RU,RO,,,
12390777,D,261198,CKD---1HC5,3,7,4244,15710,,,,,,,,,,,,,,,,,,,RU,RO,,,
12390778,D,261198,CAR-G*14--,3,7,4244,15710,,,,,,,,,,,,,,,,,,,RU,RO,,,
12390712,A,261199,CKD---HCT6,3,7,4244,15710,,,,-,ru,??????? ?????????????,,4000,7326904000,,0,0,0,0,0,1,0,,RU,RO,,,
12390713,A,261199,CAR-S*2991,3,7,4244,15710,,,,,ru,,,4000,,,0,0,0,0,0,1,0,,RU,RO,,,
12390714,A,261199,CAR-G*10--,3,7,4244,15710,,,,,ru,,,4000,,,0,0,0,0,0,1,0,,RU,RO,,,
12390715,A,261199,CAR-G*09--,3,7,4244,15710,,,,,ru,,,4000,,,0,0,0,0,0,1,0,,RU,RO,,,
12390716,A,261199,CKD---1HC5,3,7,4244,15710,,,,,ru,,,4000,,,0,0,0,0,0,1,0,,RU,RO,,,
12390717,A,261199,CAR-G*14--,3,7,4244,15710,,,,,ru,,,4000,,,0,0,0,0,0,1,0,,RU,RO,,,
13591951,D,461614,969350125R,1,1,7597,15710,en,TRECAR,NoTradeMark,,en,,PT,1000,UnknownHS,,0,0,0,,0,0,0,,RU,FR,1,1,
13591959,D,461614,876038998R,1,1,7597,15710,en,Renault,Renault,,en,,RO,1000,UnknownHS,,0,0,0,,0,0,0,,RU,FR,1,1,
13591962,D,461614,844005242R,1,1,7597,15710,en,Renault,Renault,,en,,ES,1000,UnknownHS,,0,0,0,,0,0,0,,RU,FR,1,1,
13591968,D,461614,844005848R,1,1,7597,15710,en,Renault,Renault,,en,,ES,1000,UnknownHS,,0,0,0,,0,0,0,,RU,FR,1,1,
13591926,D,461614,801473827R,1,1,7597,15710,en,Renault,Renault,,en,,RO,1000,UnknownHS,,0,0,0,,0,0,0,,RU,FR,1,1,
13591928,D,461614,252100622R,1,1,7597,15710,en,Renault,Renault,,en,,FR,1000,UnknownHS,,0,0,0,,0,0,0,,RU,FR,1,1,
13591933,D,461614,823309602R,1,1,7597,15710,en,Renault,Renault,,en,,RO,1000,UnknownHS,,0,0,0,,0,0,0,,RU,FR,1,1,
13591946,D,461614,100012707R,1,1,7597,15710,en,Renault,Renault,,en,,ES,1000,UnknownHS,,0,0,0,,0,0,0,,RU,FR,1,1,
13421634,D,456847,215586371R,1,1,47801,15811,,,,,,,FR,1000,UnknownHS,,0,0,0,,0,0,0,,TR,FR,1,1,
13603203,A,461615,SLI---2288,3,7,7597,15710,,,,??????????????????????????????????????????????????????.,ru,????????????????????,,4000,7326904000,,0,0,0,0,0,1,1,,RU,FR,,,
13591963,D,461614,822170861R,1,1,7597,15710,en,Renault,Renault,,en,,ES,1000,UnknownHS,,0,0,0,,0,0,0,,RU,FR,1,1,
13591972,D,461614,808204302R,1,1,7597,15710,en,Renault,Renault,,en,,ES,1000,UnknownHS,,0,0,0,,0,0,0,,RU,FR,1,1,
13421633,D,456847,8200245140,1,1,47801,15811,,,,,,,FR,1000,UnknownHS,,0,0,0,,0,0,0,,TR,FR,1,1,
13421635,D,456847,460916346R,1,1,47801,15811,,,,,,,FR,1000,UnknownHS,,0,0,0,,0,0,0,,TR,FR,1,1,
13603207,A,461615,264300007R,1,1,7597,15710,en,Renault,Renault,???????????????????????????????????????????????,????????????????????????,ru,?????????????????????????????????????(???????),FR,4000,8512200001,,0,0,0,0,0,1,1,,RU,FR,1,1,
13587109,D,461457,8200715079,1,1,7597,15710,en,Renault,Renault,,en,,CZ,1000,8708301090,,0,0,0,,0,0,0,,RU,FR,1,1,
13587110,D,461457,100012707R,1,1,7597,15710,en,Renault,Renault,,en,,ES,1000,UnknownHS,,0,0,0,,0,0,0,,RU,FR,1,1,
13587122,D,461457,995506680R,1,1,7597,15710,en,Renault,Renault,,en,,FR,1000,UnknownHS,,0,0,0,,0,0,0,,RU,FR,1,1,
13587106,D,461457,491102845R,1,1,7597,15710,en,JTEKT,NoTradeMark,,en,,FR,1000,UnknownHS,,0,0,0,,0,0,0,,RU,FR,1,1,
13587123,D,461457,8200245140,1,1,7597,15710,en,Renault,Renault,,en,,FR,1000,UnknownHS,,0,0,0,,0,0,0,,RU,FR,1,1,
13587100,D,461457,488105775R,1,1,7597,15710,en,Renault,Renault,,en,,FR,1000,UnknownHS,,0,0,0,,0,0,0,,RU,FR,1,1,
13587107,D,461457,284B14456R,1,1,7597,15710,en,Renault,Renault,,en,,FR,1000,8537109199,,0,0,0,,0,0,0,,RU,FR,1,1,
13587116,D,461457,489702120R,1,1,7597,15710,en,Renault,Renault,,en,,FR,1000,8708942090,,0,0,0,,0,0,0,,RU,FR,1,1,
13587120,D,461457,175B14760R,1,1,7597,15710,en,Renault,Renault,,en,,FR,1000,8708991090,,0,0,0,,0,0,0,,RU,FR,1,1,
13587099,D,461457,829616434R,1,1,7597,15710,en,Renault,Renault,,en,,FR,1000,UnknownHS,,0,0,0,,0,0,0,,RU,FR,1,1,
13587105,D,461457,985154815R,1,1,7597,15710,en,Renault,Renault,,en,,FR,1000,UnknownHS,,0,0,0,,0,0,0,,RU,FR,1,1,
13587111,D,461457,849800001R,1,1,7597,15710,en,Renault,Renault,,en,,FR,1000,UnknownHS,,0,0,0,,0,0,0,,RU,FR,1,1,
13587114,D,461457,62890BR12A,1,1,7597,15710,en,Renault,Renault,,en,,ES,1000,UnknownHS,,0,0,0,,0,0,0,,RU,FR,1,1,
13587119,D,461457,963011222R,1,1,7597,15710,en,Renault,Renault,,en,,FR,1000,UnknownHS,,0,0,0,,0,0,0,,RU,FR,1,1,
13587115,D,461457,328651322R,1,1,7597,15710,en,Renault,Renault,,en,,FR,1000,UnknownHS,,0,0,0,,0,0,0,,RU,FR,1,1,
13587121,D,461457,8200715078,1,1,7597,15710,en,Renault,Renault,,en,,CZ,1000,8708301090,,0,0,0,,0,0,0,,RU,FR,1,1,
13587526,A,461458,8200245140,1,1,7597,15710,en,Renault,Renault,??????????????????????????????????????25??,??????????????????????????????????????????,ru,????????????????(???????),FR,4000,3926300000,,0,0,0,0,0,1,1,,RU,FR,1,1,
13587101,D,461457,995509237R,1,1,7597,15710,en,Renault,Renault,,en,,FR,1000,UnknownHS,,0,0,0,,0,0,0,,RU,FR,1,1,
13587102,D,461457,328654727R,1,1,7597,15710,en,Renault,Renault,,en,,FR,1000,UnknownHS,,0,0,0,,0,0,0,,RU,FR,1,1,
13587108,D,461457,8200505925,1,1,7597,15710,en,Renault,Renault,,en,,FR,1000,4016995790,,0,0,0,,0,0,0,,RU,FR,1,1,
13587117,D,461457,963014912R,1,1,7597,15710,en,Renault,Renault,,en,,FR,1000,UnknownHS,,0,0,0,,0,0,0,,RU,FR,1,1,
13587104,D,461457,8200404459,1,1,7597,15710,en,Renault,Renault,,en,,FR,1000,UnknownHS,,0,0,0,,0,0,0,,RU,FR,1,1,
13587112,D,461457,40300JD077,1,1,7597,15710,en,Renault,Renault,,en,,FR,1000,8708701090,,0,0,0,,0,0,0,,RU,FR,1,1,
13587118,D,461457,284B13555R,1,1,7597,15710,en,VISTEON,NoTradeMark,,en,,FR,1000,UnknownHS,,0,0,0,,0,0,0,,RU,FR,1,1,
13587500,A,461458,SLI---2288,3,7,7597,15710,,,,??????????????????????????????????????????????????????.,ru,????????????????????,,4000,7326904000,,0,0,0,0,0,1,1,,RU,FR,,,
13587103,D,461457,904514771R,1,1,7597,15710,en,Renault,Renault,,en,,FR,1000,UnknownHS,,0,0,0,,0,0,0,,RU,FR,1,1,
13587113,D,461457,985706588R,1,1,7597,15710,en,Renault,Renault,,en,,FR,1000,8708951090,,0,0,0,,0,0,0,,RU,FR,1,1,
12509902,A,137858,484006493R,1,1,15793,16021,,,,,en,,XX,4000,UnknownHS,,0,0,0,,0,0,0,,KR,FR,1,1,
12509907,A,137858,873116705R,1,1,15793,16021,,,,,en,,XX,4000,UnknownHS,,0,0,0,,0,0,0,,KR,FR,1,1,
12509909,A,137858,250604BE1A,1,1,15793,16021,,,,,en,,XX,4000,UnknownHS,,0,0,0,,0,0,0,,KR,FR,1,1,
12509911,A,137858,265503924R,1,1,15793,16021,,,,,en,,XX,4000,UnknownHS,,0,0,0,,0,0,0,,KR,FR,1,1,
12509913,A,137858,170404BE1A,1,1,15793,16021,,,,,en,,XX,4000,UnknownHS,,0,0,0,,0,0,0,,KR,FR,1,1,
12509915,A,137858,214810854R,1,1,15793,16021,,,,,en,,XX,4000,UnknownHS,,0,0,0,,0,0,0,,KR,FR,1,1,
12509917,A,137858,265557493R,1,1,15793,16021,,,,,en,,XX,4000,UnknownHS,,0,0,0,,0,0,0,,KR,FR,1,1,
12509919,A,137858,320104276R,1,1,15793,16021,,,,,en,,DE,4000,UnknownHS,,0,0,0,,0,0,0,,KR,FR,1,1,
12509921,A,137858,244314EA0A,1,1,15793,16021,,,,,en,,FR,4000,UnknownHS,,0,0,0,,0,0,0,,KR,FR,1,1,
12509923,A,137858,20817JG60A,1,1,15793,16021,,,,,en,,FR,4000,UnknownHS,,0,0,0,,0,0,0,,KR,FR,1,1,
12509925,A,137858,261509314R,1,1,15793,16021,,,,,en,,BE,4000,UnknownHS,,0,0,0,,0,0,0,,KR,FR,1,1,
12509979,A,137862,206910004R,1,1,15793,16021,,,,,en,,DE,4000,UnknownHS,,0,0,0,,0,0,0,,KR,FR,1,1,
12509980,A,137862,215030018R,1,1,15793,16021,,,,,en,,PL,4000,UnknownHS,,0,0,0,,0,0,0,,KR,FR,1,1,
12509981,A,137862,8200048024,1,1,15793,16021,,,,,en,,FR,4000,UnknownHS,,0,0,0,,0,0,0,,KR,FR,1,1,
12509982,A,137862,497301848R,1,1,15793,16021,,,,,en,,FR,4000,UnknownHS,,0,0,0,,0,0,0,,KR,FR,1,1,
12509983,A,137862,474019614R,1,1,15793,16021,,,,,en,,SK,4000,UnknownHS,,0,0,0,,0,0,0,,KR,FR,1,1,
12509984,A,137862,285C70506R,1,1,15793,16021,,,,,en,,XX,4000,UnknownHS,,0,0,0,,0,0,0,,KR,FR,1,1,
12509985,A,137862,440103272R,1,1,15793,16021,,,,,en,,FR,4000,UnknownHS,,0,0,0,,0,0,0,,KR,FR,1,1,
12509986,A,137862,748A39495R,1,1,15793,16021,,,,,en,,FR,4000,UnknownHS,,0,0,0,,0,0,0,,KR,FR,1,1,
12509987,A,137862,391011401R,1,1,15793,16021,,,,,en,,FR,4000,UnknownHS,,0,0,0,,0,0,0,,KR,FR,1,1,
12509988,A,137862,295H08568R,1,1,15793,16021,,,,,en,,FR,4000,UnknownHS,,0,0,0,,0,0,0,,KR,FR,1,1,
12509989,A,137862,295H09224R,1,1,15793,16021,,,,,en,,FR,4000,UnknownHS,,0,0,0,,0,0,0,,KR,FR,1,1,
12509990,A,137862,260606722R,1,1,15793,16021,,,,,en,,XX,4000,UnknownHS,,0,0,0,,0,0,0,,KR,FR,1,1,
12509991,A,137862,8200666173,1,1,15793,16021,,,,,en,,XX,4000,UnknownHS,,0,0,0,,0,0,0,,KR,FR,1,1,
12509992,A,137862,924336201R,1,1,15793,16021,,,,,en,,PL,4000,UnknownHS,,0,0,0,,0,0,0,,KR,FR,1,1,
12509993,A,137862,215060009R,1,1,15793,16021,,,,,en,,ES,4000,UnknownHS,,0,0,0,,0,0,0,,KR,FR,1,1,
12509994,A,137862,328656590R,1,1,15793,16021,,,,,en,,FR,4000,UnknownHS,,0,0,0,,0,0,0,,KR,FR,1,1,
12509995,A,137862,7703074429,1,1,15793,16021,,,,,en,,XX,4000,UnknownHS,,0,0,0,,0,0,0,,KR,FR,1,1,
12509996,A,137862,924877556R,1,1,15793,16021,,,,,en,,XX,4000,UnknownHS,,0,0,0,,0,0,0,,KR,FR,1,1,
12509997,A,137862,144674EB0A,1,1,15793,16021,,,,,en,,GB,4000,UnknownHS,,0,0,0,,0,0,0,,KR,FR,1,1,
12509998,A,137862,739410013R,1,1,15793,16021,,,,,en,,FR,4000,UnknownHS,,0,0,0,,0,0,0,,KR,FR,1,1,
12510002,A,137862,8200003263,1,1,15793,16021,,,,,en,,IT,4000,UnknownHS,,0,0,0,,0,0,0,,KR,FR,1,1,
12509999,A,137862,8200366168,1,1,15793,16021,,,,,en,,DE,4000,UnknownHS,,0,0,0,,0,0,0,,KR,FR,1,1,
12510000,A,137862,260550002R,1,1,15793,16021,,,,,en,,XX,4000,UnknownHS,,0,0,0,,0,0,0,,KR,FR,1,1,
12510001,A,137862,217410022R,1,1,15793,16021,,,,,en,,PL,4000,UnknownHS,,0,0,0,,0,0,0,,KR,FR,1,1,
12510003,A,137862,8200480127,1,1,15793,16021,,,,,en,,FR,4000,UnknownHS,,0,0,0,,0,0,0,,KR,FR,1,1,
12510004,A,137862,8200011650,1,1,15793,16021,,,,,en,,IT,4000,UnknownHS,,0,0,0,,0,0,0,,KR,FR,1,1,
12510005,A,137862,215060008R,1,1,15793,16021,,,,,en,,ES,4000,UnknownHS,,0,0,0,,0,0,0,,KR,FR,1,1,
12510006,A,137862,8200074365,1,1,15793,16021,,,,,en,,FR,4000,UnknownHS,,0,0,0,,0,0,0,,KR,FR,1,1,
12510007,A,137862,144634BD0A,1,1,15793,16021,,,,,en,,DE,4000,UnknownHS,,0,0,0,,0,0,0,,KR,FR,1,1,
12510008,A,137862,285P59425R,1,1,15793,16021,,,,,en,,FR,4000,UnknownHS,,0,0,0,,0,0,0,,KR,FR,1,1,
12510009,A,137862,8200467247,1,1,15793,16021,,,,,en,,XX,4000,UnknownHS,,0,0,0,,0,0,0,,KR,FR,1,1,
12510010,A,137862,284388185R,1,1,15793,16021,,,,,en,,XX,4000,UnknownHS,,0,0,0,,0,0,0,,KR,FR,1,1,
12510011,A,137862,8200163892,1,1,15793,16021,,,,,en,,FR,4000,UnknownHS,,0,0,0,,0,0,0,,KR,FR,1,1,
12510012,A,137862,620363881R,1,1,15793,16021,,,,,en,,FR,4000,UnknownHS,,0,0,0,,0,0,0,,KR,FR,1,1,
12510013,A,137862,8200292821,1,1,15793,16021,,,,,en,,FR,4000,UnknownHS,,0,0,0,,0,0,0,,KR,FR,1,1,
12510014,A,137862,363210001R,1,1,15793,16021,,,,,en,,XX,4000,UnknownHS,,0,0,0,,0,0,0,,KR,FR,1,1,
12510015,A,137862,285C78835R,1,1,15793,16021,,,,,en,,XX,4000,UnknownHS,,0,0,0,,0,0,0,,KR,FR,1,1,
12510016,A,137862,283480002R,1,1,15793,16021,,,,,en,,FR,4000,UnknownHS,,0,0,0,,0,0,0,,KR,FR,1,1,
12510017,A,137862,768528096R,1,1,15793,16021,,,,,en,,XX,4000,UnknownHS,,0,0,0,,0,0,0,,KR,FR,1,1,
12510018,A,137862,241371728R,1,1,15793,16021,,,,,en,,FR,4000,UnknownHS,,0,0,0,,0,0,0,,KR,FR,1,1,
12510019,A,137862,391005442R,1,1,15793,16021,,,,,en,,FR,4000,UnknownHS,,0,0,0,,0,0,0,,KR,FR,1,1,
12510020,A,137862,284C40002R,1,1,15793,16021,,,,,en,,FR,4000,UnknownHS,,0,0,0,,0,0,0,,KR,FR,1,1,
12510021,A,137862,255500002R,1,1,15793,16021,,,,,en,,XX,4000,UnknownHS,,0,0,0,,0,0,0,,KR,FR,1,1,
12510022,A,137862,8200045668,1,1,15793,16021,,,,,en,,DE,4000,UnknownHS,,0,0,0,,0,0,0,,KR,FR,1,1,
12510023,A,137862,144604BD1B,1,1,15793,16021,,,,,en,,XX,4000,UnknownHS,,0,0,0,,0,0,0,,KR,FR,1,1,
12510024,A,137862,226807131R,1,1,15793,16021,,,,,en,,DE,4000,UnknownHS,,0,0,0,,0,0,0,,KR,FR,1,1,
12510025,A,137862,284B10002R,1,1,15793,16021,,,,,en,,FR,4000,UnknownHS,,0,0,0,,0,0,0,,KR,FR,1,1,
12510026,A,137862,440003883R,1,1,15793,16021,,,,,en,,FR,4000,UnknownHS,,0,0,0,,0,0,0,,KR,FR,1,1,
12510027,A,137862,484006493R,1,1,15793,16021,,,,,en,,XX,4000,UnknownHS,,0,0,0,,0,0,0,,KR,FR,1,1,
12510028,A,137862,924874517R,1,1,15793,16021,,,,,en,,XX,4000,UnknownHS,,0,0,0,,0,0,0,,KR,FR,1,1,
12510029,A,137862,873116705R,1,1,15793,16021,,,,,en,,XX,4000,UnknownHS,,0,0,0,,0,0,0,,KR,FR,1,1,
12510030,A,137862,243800010R,1,1,15793,16021,,,,,en,,XX,4000,UnknownHS,,0,0,0,,0,0,0,,KR,FR,1,1,
12510034,A,137862,8200002897,1,1,15793,16021,,,,,en,,XX,4000,UnknownHS,,0,0,0,,0,0,0,,KR,FR,1,1,
12510031,A,137862,271A30009R,1,1,15793,16021,,,,,en,,PL,4000,UnknownHS,,0,0,0,,0,0,0,,KR,FR,1,1,
12510032,A,137862,491150002R,1,1,15793,16021,,,,,en,,FR,4000,UnknownHS,,0,0,0,,0,0,0,,KR,FR,1,1,
12510033,A,137862,290E47110R,1,1,15793,16021,,,,,en,,FR,4000,UnknownHS,,0,0,0,,0,0,0,,KR,FR,1,1,
12510035,A,137862,243800011R,1,1,15793,16021,,,,,en,,XX,4000,UnknownHS,,0,0,0,,0,0,0,,KR,FR,1,1,
12510036,A,137862,285C72920R,1,1,15793,16021,,,,,en,,XX,4000,UnknownHS,,0,0,0,,0,0,0,,KR,FR,1,1,
12510037,A,137862,739400011R,1,1,15793,16021,,,,,en,,FR,4000,UnknownHS,,0,0,0,,0,0,0,,KR,FR,1,1,
12510038,A,137862,284504445R,1,1,15793,16021,,,,,en,,XX,4000,UnknownHS,,0,0,0,,0,0,0,,KR,FR,1,1,
12510039,A,137862,768522379R,1,1,15793,16021,,,,,en,,XX,4000,UnknownHS,,0,0,0,,0,0,0,,KR,FR,1,1,
12510040,A,137862,7700838358,1,1,15793,16021,,,,,en,,FR,4000,UnknownHS,,0,0,0,,0,0,0,,KR,FR,1,1,
12510041,A,137862,244130001R,1,1,15793,16021,,,,,en,,FR,4000,UnknownHS,,0,0,0,,0,0,0,,KR,FR,1,1,
12510042,A,137862,244990001R,1,1,15793,16021,,,,,en,,FR,4000,UnknownHS,,0,0,0,,0,0,0,,KR,FR,1,1,
12510043,A,137862,242300004R,1,1,15793,16021,,,,,en,,FR,4000,UnknownHS,,0,0,0,,0,0,0,,KR,FR,1,1,
12510044,A,137862,295D71910R,1,1,15793,16021,,,,,en,,FR,4000,UnknownHS,,0,0,0,,0,0,0,,KR,FR,1,1,
12510045,A,137862,484000580R,1,1,15793,16021,,,,,en,,XX,4000,UnknownHS,,0,0,0,,0,0,0,,KR,FR,1,1,
12509944,A,137859,284B14565R,1,1,15793,16021,,,,,en,,XX,4000,UnknownHS,,0,0,0,,0,0,0,,KR,FR,1,1,
12509946,A,137859,320101384R,1,1,15793,16021,,,,,en,,DE,4000,UnknownHS,,0,0,0,,0,0,0,,KR,FR,1,1,
12509947,A,137859,487004553R,1,1,15793,16021,,,,,en,,XX,4000,UnknownHS,,0,0,0,,0,0,0,,KR,FR,1,1,
12509949,A,137859,430420004R,1,1,15793,16021,,,,,en,,FR,4000,UnknownHS,,0,0,0,,0,0,0,,KR,FR,1,1,
12509951,A,137859,208D04BD0B,1,1,15793,16021,,,,,en,,FR,4000,UnknownHS,,0,0,0,,0,0,0,,KR,FR,1,1,
12509953,A,137859,623100546R,1,1,15793,16021,,,,,en,,FR,4000,UnknownHS,,0,0,0,,0,0,0,,KR,FR,1,1,
12509954,A,137859,995043645R,1,1,15793,16021,,,,,en,,FR,4000,UnknownHS,,0,0,0,,0,0,0,,KR,FR,1,1,
12509956,A,137859,265554267R,1,1,15793,16021,,,,,en,,XX,4000,UnknownHS,,0,0,0,,0,0,0,,KR,FR,1,1,
12509959,A,137859,440103272R,1,1,15793,16021,,,,,en,,FR,4000,UnknownHS,,0,0,0,,0,0,0,,KR,FR,1,1,
12509960,A,137859,540102503R,1,1,15793,16021,,,,,en,,CZ,4000,UnknownHS,,0,0,0,,0,0,0,,KR,FR,1,1,
12509962,A,137859,260606722R,1,1,15793,16021,,,,,en,,XX,4000,UnknownHS,,0,0,0,,0,0,0,,KR,FR,1,1,
12509964,A,137859,462710568R,1,1,15793,16021,,,,,en,,ES,4000,UnknownHS,,0,0,0,,0,0,0,,KR,FR,1,1,
12509965,A,137859,144604BD1B,1,1,15793,16021,,,,,en,,XX,4000,UnknownHS,,0,0,0,,0,0,0,,KR,FR,1,1,
12509967,A,137859,430420002R,1,1,15793,16021,,,,,en,,FR,4000,UnknownHS,,0,0,0,,0,0,0,,KR,FR,1,1,
12509968,A,137859,546110013R,1,1,15793,16021,,,,,en,,XX,4000,UnknownHS,,0,0,0,,0,0,0,,KR,FR,1,1,
12509969,A,137859,440003883R,1,1,15793,16021,,,,,en,,FR,4000,UnknownHS,,0,0,0,,0,0,0,,KR,FR,1,1,
12509970,A,137859,484006493R,1,1,15793,16021,,,,,en,,XX,4000,UnknownHS,,0,0,0,,0,0,0,,KR,FR,1,1,
12509971,A,137859,265503924R,1,1,15793,16021,,,,,en,,XX,4000,UnknownHS,,0,0,0,,0,0,0,,KR,FR,1,1,
12509972,A,137859,265555041R,1,1,15793,16021,,,,,en,,XX,4000,UnknownHS,,0,0,0,,0,0,0,,KR,FR,1,1,
12509973,A,137859,440109211R,1,1,15793,16021,,,,,en,,XX,4000,UnknownHS,,0,0,0,,0,0,0,,KR,FR,1,1,
12509974,A,137859,265557493R,1,1,15793,16021,,,,,en,,XX,4000,UnknownHS,,0,0,0,,0,0,0,,KR,FR,1,1,
12509975,A,137859,625301229R,1,1,15793,16021,,,,,en,,FR,4000,UnknownHS,,0,0,0,,0,0,0,,KR,FR,1,1,
12509976,A,137859,217100014R,1,1,15793,16021,,,,,en,,FR,4000,UnknownHS,,0,0,0,,0,0,0,,KR,FR,1,1,
12509977,A,137859,144634BD0A,1,1,15793,16021,,,,,en,,DE,4000,UnknownHS,,0,0,0,,0,0,0,,KR,FR,1,1,
12509978,A,137859,261509314R,1,1,15793,16021,,,,,en,,BE,4000,UnknownHS,,0,0,0,,0,0,0,,KR,FR,1,1,
12472163,A,137006,284B14565R,1,1,15793,16021,,,,,en,,XX,4000,UnknownHS,,0,0,0,,0,0,0,,KR,FR,1,1,
12472164,A,137006,400069049R,1,1,15793,16021,,,,,en,,FR,4000,UnknownHS,,0,0,0,,0,0,0,,KR,FR,1,1,
12472165,A,137006,476607355R,1,1,15793,16021,,,,,en,,XX,4000,UnknownHS,,0,0,0,,0,0,0,,KR,FR,1,1,
12472166,A,137006,908226828R,1,1,15793,16021,,,,,en,,DE,4000,UnknownHS,,0,0,0,,0,0,0,,KR,FR,1,1,
12472167,A,137006,926004PB0A,1,1,15793,16021,,,,,en,,DE,4000,UnknownHS,,0,0,0,,0,0,0,,KR,FR,1,1,
12472168,A,137006,208D04BD0B,1,1,15793,16021,,,,,en,,FR,4000,UnknownHS,,0,0,0,,0,0,0,,KR,FR,1,1,
12472169,A,137006,769843891R,1,1,15793,16021,,,,,en,,FR,4000,UnknownHS,,0,0,0,,0,0,0,,KR,FR,1,1,
12472170,A,137006,280909173R,1,1,15793,16021,,,,,en,,XX,4000,UnknownHS,,0,0,0,,0,0,0,,KR,FR,1,1,
12472171,A,137006,926004EB0A,1,1,15793,16021,,,,,en,,DE,4000,UnknownHS,,0,0,0,,0,0,0,,KR,FR,1,1,
12472172,A,137006,925164GA0A,1,1,15793,16021,,,,,en,,XX,4000,UnknownHS,,0,0,0,,0,0,0,,KR,FR,1,1,
12472173,A,137006,271431315R,1,1,15793,16021,,,,,en,,XX,4000,UnknownHS,,0,0,0,,0,0,0,,KR,FR,1,1,
12472174,A,137006,285905306R,1,1,15793,16021,,,,,en,,XX,4000,UnknownHS,,0,0,0,,0,0,0,,KR,FR,1,1,
12472175,A,137006,476603871R,1,1,15793,16021,,,,,en,,XX,4000,UnknownHS,,0,0,0,,0,0,0,,KR,FR,1,1,
12472176,A,137006,391011401R,1,1,15793,16021,,,,,en,,FR,4000,UnknownHS,,0,0,0,,0,0,0,,KR,FR,1,1,
12472177,A,137006,769843298R,1,1,15793,16021,,,,,en,,FR,4000,UnknownHS,,0,0,0,,0,0,0,,KR,FR,1,1,
12472178,A,137006,244314EA0A,1,1,15793,16021,,,,,en,,FR,4000,UnknownHS,,0,0,0,,0,0,0,,KR,FR,1,1,
12472179,A,137006,479508802R,1,1,15793,16021,,,,,en,,XX,4000,UnknownHS,,0,0,0,,0,0,0,,KR,FR,1,1,
12472180,A,137006,476601802R,1,1,15793,16021,,,,,en,,XX,4000,UnknownHS,,0,0,0,,0,0,0,,KR,FR,1,1,
12472181,A,137006,260606722R,1,1,15793,16021,,,,,en,,XX,4000,UnknownHS,,0,0,0,,0,0,0,,KR,FR,1,1,
12472182,A,137006,20817JG60A,1,1,15793,16021,,,,,en,,FR,4000,UnknownHS,,0,0,0,,0,0,0,,KR,FR,1,1,
12472183,A,137006,144604BD1B,1,1,15793,16021,,,,,en,,XX,4000,UnknownHS,,0,0,0,,0,0,0,,KR,FR,1,1,
12472184,A,137006,488100808R,1,1,15793,16021,,,,,en,,FR,4000,UnknownHS,,0,0,0,,0,0,0,,KR,FR,1,1,
12472185,A,137006,215586371R,1,1,15793,16021,,,,,en,,FR,4000,UnknownHS,,0,0,0,,0,0,0,,KR,FR,1,1,
12472186,A,137006,758906742R,1,1,15793,16021,,,,,en,,XX,4000,UnknownHS,,0,0,0,,0,0,0,,KR,FR,1,1,
12472187,A,137006,545605275R,1,1,15793,16021,,,,,en,,XX,4000,UnknownHS,,0,0,0,,0,0,0,,KR,FR,1,1,
12472188,A,137006,290127953R,1,1,15793,16021,,,,,en,,XX,4000,UnknownHS,,0,0,0,,0,0,0,,KR,FR,1,1,
12472189,A,137006,8200533915,1,1,15793,16021,,,,,en,,IT,4000,UnknownHS,,0,0,0,,0,0,0,,KR,FR,1,1,
12472190,A,137006,908238514R,1,1,15793,16021,,,,,en,,DE,4000,UnknownHS,,0,0,0,,0,0,0,,KR,FR,1,1,
12472191,A,137006,476604033R,1,1,15793,16021,,,,,en,,XX,4000,UnknownHS,,0,0,0,,0,0,0,,KR,FR,1,1,
12472192,A,137006,349352079R,1,1,15793,16021,,,,,en,,SK,4000,UnknownHS,,0,0,0,,0,0,0,,KR,FR,1,1,
12472193,A,137006,400065192R,1,1,15793,16021,,,,,en,,FR,4000,UnknownHS,,0,0,0,,0,0,0,,KR,FR,1,1,
12472194,A,137006,479103473R,1,1,15793,16021,,,,,en,,XX,4000,UnknownHS,,0,0,0,,0,0,0,,KR,FR,1,1,
12472195,A,137006,118297586R,1,1,15793,16021,,,,,en,,SK,4000,UnknownHS,,0,0,0,,0,0,0,,KR,FR,1,1,
12472196,A,137006,924412459R,1,1,15793,16021,,,,,en,,XX,4000,UnknownHS,,0,0,0,,0,0,0,,KR,FR,1,1,
12472197,A,137006,144634BD0A,1,1,15793,16021,,,,,en,,DE,4000,UnknownHS,,0,0,0,,0,0,0,,KR,FR,1,1,
12472198,A,137006,261509314R,1,1,15793,16021,,,,,en,,BE,4000,UnknownHS,,0,0,0,,0,0,0,,KR,FR,1,1,
12472199,A,137006,233009813R,1,1,15793,16021,,,,,en,,FR,4000,UnknownHS,,0,0,0,,0,0,0,,KR,FR,1,1,
